#INTERVAL_START,INTERVAL_END,ANIMAL,BICYCLE,BUS,CAR,CAR_TRAILER,CARAVAN,E_CART,HEAD,HEAVY,LIGHT,MOTORCYCLE,OBSTACLE,PEDESTRIAN,PRAM,SCOOTER,SKATE,TRACTOR,TRAM,TRUCK_TRAILER,TUK_TUK,UNKNOWN,VAN,WHEELCHAIR
2026-09-01T00:00:00+02:00,2026-09-01T00:05:00+02:00,0,0,0,8,0,0,0,0,0,0,0,0,0,0,0,0,0,0,0,0,0,1,0
2026-09-01T00:05:00+02:00,2026-09-01T00:10:00+02:00,0,0,0,4,0,0,0,0,3,0,0,0,0,0,0,0,0,0,0,0,0,0,0
2026-09-01T00:10:00+02:00,2026-09-01T00:15:00+02:00,0,0,0,6,0,0,0,0,1,0,0,0,0,0,0,0,0,0,0,0,0,0,0
2026-09-01T00:15:00+02:00,2026-09-01T00:20:00+02:00,0,0,0,4,0,0,0,0,0,0,0,0,0,0,0,0,0,0,0,0,0,0,0
2026-09-01T00:20:00+02:00,2026-09-01T00:25:00+02:00,0,0,0,11,0,0,0,0,0,0,0,0,0,0,0,0,0,0,0,0,0,0,0
2026-09-01T00:25:00+02:00,2026-09-01T00:30:00+02:00,0,0,0,4,0,0,0,0,0,0,0,0,0,0,0,0,0,0,0,0,0,0,0
2026-09-01T00:30:00+02:00,2026-09-01T00:35:00+02:00,0,0,0,3,0,0,0,0,2,0,0,0,0,0,0,0,0,0,0,0,0,3,0
2026-09-01T00:35:00+02:00,2026-09-01T00:40:00+02:00,0,0,0,4,0,0,0,0,2,1,0,0,0,0,0,0,0,0,0,0,0,0,0
2026-09-01T00:40:00+02:00,2026-09-01T00:45:00+02:00,0,0,0,3,0,0,0,0,2,2,0,0,0,0,0,0,0,0,0,0,0,0,0
2026-09-01T00:45:00+02:00,2026-09-01T00:50:00+02:00,0,0,0,10,0,0,0,0,3,0,0,0,0,0,0,0,0,0,0,0,0,0,0
2026-09-01T00:50:00+02:00,2026-09-01T00:55:00+02:00,0,0,0,10,0,0,0,0,0,0,0,0,0,0,0,0,0,0,0,0,0,1,0
2026-09-01T00:55:00+02:00,2026-09-01T01:00:00+02:00,0,0,0,10,0,0,0,0,3,1,0,0,0,0,0,0,0,0,0,0,0,0,0
2026-09-01T01:00:00+02:00,2026-09-01T01:05:00+02:00,0,0,0,6,0,0,0,0,5,1,0,0,0,0,0,0,0,0,0,0,0,0,0
2026-09-01T01:05:00+02:00,2026-09-01T01:10:00+02:00,0,0,0,13,0,0,0,0,4,1,0,0,0,0,0,0,0,0,0,0,0,0,0
2026-09-01T01:10:00+02:00,2026-09-01T01:15:00+02:00,0,0,0,2,0,0,0,0,0,1,0,0,0,0,0,0,0,0,0,0,0,2,0
2026-09-01T01:15:00+02:00,2026-09-01T01:20:00+02:00,0,0,0,4,0,0,0,0,1,3,0,0,0,0,0,0,0,0,0,0,0,0,0
2026-09-01T01:20:00+02:00,2026-09-01T01:25:00+02:00,0,0,0,3,0,0,0,0,1,0,0,0,0,0,0,0,0,0,0,0,0,0,0
2026-09-01T01:25:00+02:00,2026-09-01T01:30:00+02:00,0,0,0,3,0,0,0,0,2,1,0,0,0,0,0,0,0,0,1,0,0,0,0
2026-09-01T01:30:00+02:00,2026-09-01T01:35:00+02:00,0,0,0,5,0,0,0,0,3,1,0,0,0,0,0,0,0,0,0,0,0,0,0
2026-09-01T01:35:00+02:00,2026-09-01T01:40:00+02:00,0,0,0,6,0,0,0,0,3,2,0,0,0,0,0,0,0,0,1,0,0,1,0
2026-09-01T01:40:00+02:00,2026-09-01T01:45:00+02:00,0,0,0,8,1,0,0,0,1,2,0,0,0,0,0,0,0,0,0,0,0,3,0
2026-09-01T01:45:00+02:00,2026-09-01T01:50:00+02:00,0,0,0,3,0,0,0,0,4,0,0,0,0,0,0,0,0,0,0,0,0,0,0
2026-09-01T01:50:00+02:00,2026-09-01T01:55:00+02:00,0,0,0,4,0,0,0,0,0,0,0,0,0,0,0,0,0,0,0,0,0,0,0
2026-09-01T01:55:00+02:00,2026-09-01T02:00:00+02:00,0,0,0,3,0,0,0,0,1,3,0,0,0,0,0,0,0,0,0,0,0,0,0
2026-09-01T02:00:00+02:00,2026-09-01T02:05:00+02:00,0,0,0,6,0,0,0,0,0,2,0,0,0,0,0,0,0,0,0,0,0,2,0
2026-09-01T02:05:00+02:00,2026-09-01T02:10:00+02:00,0,0,0,3,0,0,0,0,3,0,0,0,0,0,0,0,0,0,0,0,0,0,0
2026-09-01T02:10:00+02:00,2026-09-01T02:15:00+02:00,0,0,0,6,0,0,0,0,1,0,0,0,0,0,0,0,0,0,0,0,0,1,0
2026-09-01T02:15:00+02:00,2026-09-01T02:20:00+02:00,0,0,0,3,0,0,0,0,3,1,0,0,0,0,0,0,0,0,0,0,0,2,0
2026-09-01T02:20:00+02:00,2026-09-01T02:25:00+02:00,0,0,0,3,0,0,0,0,3,0,0,0,0,0,0,0,0,0,0,0,0,1,0
2026-09-01T02:25:00+02:00,2026-09-01T02:30:00+02:00,0,0,0,6,0,0,0,0,1,2,0,0,0,0,0,0,0,0,0,0,0,0,0
2026-09-01T02:30:00+02:00,2026-09-01T02:35:00+02:00,0,0,0,8,2,0,0,0,0,1,0,0,0,0,0,0,0,0,1,0,0,2,0
2026-09-01T02:35:00+02:00,2026-09-01T02:40:00+02:00,0,0,0,0,1,0,0,0,3,1,0,0,0,0,0,0,0,0,0,0,0,2,0
2026-09-01T02:40:00+02:00,2026-09-01T02:45:00+02:00,0,0,0,2,0,0,0,0,1,0,0,0,0,0,0,0,0,0,0,0,0,0,0
2026-09-01T02:45:00+02:00,2026-09-01T02:50:00+02:00,0,0,0,4,0,0,0,0,3,1,0,0,0,0,0,0,0,0,0,0,0,0,0
2026-09-01T02:50:00+02:00,2026-09-01T02:55:00+02:00,0,0,0,3,0,0,0,0,0,2,0,0,0,0,0,0,0,0,0,0,0,0,0
2026-09-01T02:55:00+02:00,2026-09-01T03:00:00+02:00,0,0,0,5,1,0,0,0,3,2,0,0,0,0,0,0,0,0,0,0,0,1,0
2026-09-01T03:00:00+02:00,2026-09-01T03:05:00+02:00,0,0,0,4,0,0,0,0,1,1,0,0,0,0,0,0,0,0,1,0,0,6,0
2026-09-01T03:05:00+02:00,2026-09-01T03:10:00+02:00,0,0,0,4,0,0,0,0,6,0,0,0,0,0,0,0,0,0,0,0,0,0,0
2026-09-01T03:10:00+02:00,2026-09-01T03:15:00+02:00,0,0,0,2,0,0,0,0,2,4,0,0,0,0,0,0,0,0,0,0,0,0,0
2026-09-01T03:15:00+02:00,2026-09-01T03:20:00+02:00,0,0,0,2,0,0,0,0,5,3,0,0,0,0,0,0,0,0,0,0,0,0,0
2026-09-01T03:20:00+02:00,2026-09-01T03:25:00+02:00,0,0,0,7,0,0,0,0,1,3,0,0,0,0,0,0,0,0,0,0,0,3,0
2026-09-01T03:25:00+02:00,2026-09-01T03:30:00+02:00,0,0,0,3,0,0,0,0,3,2,0,0,0,0,0,0,0,0,0,0,0,0,0
2026-09-01T03:30:00+02:00,2026-09-01T03:35:00+02:00,0,0,0,6,0,0,0,0,2,0,0,0,0,0,0,0,0,0,0,0,0,0,0
2026-09-01T03:35:00+02:00,2026-09-01T03:40:00+02:00,0,0,0,3,0,0,0,0,2,0,0,0,0,0,0,0,0,0,0,0,0,2,0
2026-09-01T03:40:00+02:00,2026-09-01T03:45:00+02:00,0,0,0,6,0,0,0,0,5,0,0,0,0,0,0,0,0,0,0,0,0,1,0
2026-09-01T03:45:00+02:00,2026-09-01T03:50:00+02:00,0,0,1,11,0,0,0,0,2,0,0,0,0,0,0,0,0,0,0,0,0,0,0
2026-09-01T03:50:00+02:00,2026-09-01T03:55:00+02:00,0,0,0,11,0,0,0,0,7,2,0,0,0,0,0,0,0,0,0,0,0,2,0
2026-09-01T03:55:00+02:00,2026-09-01T04:00:00+02:00,0,0,0,4,0,0,0,0,1,0,0,0,0,0,0,0,0,0,0,0,0,0,0
2026-09-01T04:00:00+02:00,2026-09-01T04:05:00+02:00,0,0,0,10,0,0,0,0,0,3,0,0,0,0,0,0,0,0,0,0,0,0,0
2026-09-01T04:05:00+02:00,2026-09-01T04:10:00+02:00,0,0,2,6,0,0,0,0,2,0,0,0,0,0,0,0,0,0,0,0,0,1,0
2026-09-01T04:10:00+02:00,2026-09-01T04:15:00+02:00,0,0,7,22,1,0,0,0,3,2,0,0,0,0,0,0,0,0,0,0,0,0,0
2026-09-01T04:15:00+02:00,2026-09-01T04:20:00+02:00,0,0,5,16,0,0,0,0,1,0,0,0,0,0,0,0,0,0,0,0,0,3,0
2026-09-01T04:20:00+02:00,2026-09-01T04:25:00+02:00,0,0,2,12,0,0,0,0,3,1,0,0,0,0,0,0,0,0,0,0,0,4,0
2026-09-01T04:25:00+02:00,2026-09-01T04:30:00+02:00,0,0,1,31,0,0,0,0,6,0,0,0,0,0,0,0,0,0,0,0,0,6,0
2026-09-01T04:30:00+02:00,2026-09-01T04:35:00+02:00,0,0,2,22,0,0,0,0,1,2,0,0,0,0,0,0,0,0,0,0,0,0,0
2026-09-01T04:35:00+02:00,2026-09-01T04:40:00+02:00,0,0,1,18,0,0,0,0,2,1,0,0,0,0,0,0,0,0,0,0,0,2,0
2026-09-01T04:40:00+02:00,2026-09-01T04:45:00+02:00,0,0,0,38,1,0,0,0,4,3,1,0,0,0,0,0,0,0,2,0,0,0,0
2026-09-01T04:45:00+02:00,2026-09-01T04:50:00+02:00,0,0,0,39,0,0,0,0,8,4,1,0,0,0,0,0,0,0,0,0,0,0,0
2026-09-01T04:50:00+02:00,2026-09-01T04:55:00+02:00,0,0,2,26,0,0,0,0,2,4,2,0,0,0,0,0,0,0,0,0,0,3,0
2026-09-01T04:55:00+02:00,2026-09-01T05:00:00+02:00,0,0,2,39,0,0,0,0,4,4,0,0,0,0,0,0,0,0,0,0,0,1,0
2026-09-01T05:00:00+02:00,2026-09-01T05:05:00+02:00,0,0,1,33,0,0,0,0,10,2,3,0,0,0,0,0,0,0,0,0,0,3,0
2026-09-01T05:05:00+02:00,2026-09-01T05:10:00+02:00,0,0,4,37,0,0,0,0,2,5,0,0,0,0,0,0,0,0,0,0,0,2,0
2026-09-01T05:10:00+02:00,2026-09-01T05:15:00+02:00,0,0,7,31,0,0,0,0,10,6,1,0,0,0,0,0,0,0,0,0,0,1,0
2026-09-01T05:15:00+02:00,2026-09-01T05:20:00+02:00,0,0,5,53,0,0,0,0,6,3,0,0,0,0,0,0,0,0,2,0,0,0,0
2026-09-01T05:20:00+02:00,2026-09-01T05:25:00+02:00,0,0,4,63,0,0,0,0,8,1,0,0,0,0,0,0,0,0,0,0,0,2,0
2026-09-01T05:25:00+02:00,2026-09-01T05:30:00+02:00,0,0,6,72,0,0,0,0,8,5,0,0,0,0,0,0,0,0,0,0,0,7,0
2026-09-01T05:30:00+02:00,2026-09-01T05:35:00+02:00,0,0,3,70,0,0,0,0,5,2,3,0,0,0,0,0,1,0,1,0,0,4,0
2026-09-01T05:35:00+02:00,2026-09-01T05:40:00+02:00,0,0,5,99,1,0,0,0,3,7,7,0,0,0,0,0,0,0,1,0,0,7,0
2026-09-01T05:40:00+02:00,2026-09-01T05:45:00+02:00,0,0,4,93,1,0,0,0,4,3,2,0,0,0,0,0,1,0,0,0,0,7,0
2026-09-01T05:45:00+02:00,2026-09-01T05:50:00+02:00,0,0,1,93,0,0,0,0,6,3,3,0,0,0,0,0,0,0,1,0,0,5,0
2026-09-01T05:50:00+02:00,2026-09-01T05:55:00+02:00,0,0,5,89,2,0,0,0,3,4,4,0,0,0,0,0,0,0,0,0,0,11,0
2026-09-01T05:55:00+02:00,2026-09-01T06:00:00+02:00,0,0,2,97,0,0,0,0,11,7,1,0,0,0,0,0,0,0,0,0,0,7,0
2026-09-01T06:00:00+02:00,2026-09-01T06:05:00+02:00,0,0,1,80,0,0,0,0,4,7,0,0,0,0,0,0,0,0,0,0,0,12,0
2026-09-01T06:05:00+02:00,2026-09-01T06:10:00+02:00,0,0,5,84,0,0,0,0,3,6,0,0,0,0,0,0,0,0,0,0,0,6,0
2026-09-01T06:10:00+02:00,2026-09-01T06:15:00+02:00,0,0,2,87,0,0,0,0,7,4,0,0,0,0,0,0,0,0,0,0,0,13,0
2026-09-01T06:15:00+02:00,2026-09-01T06:20:00+02:00,0,0,5,134,0,0,0,0,4,8,0,0,0,0,0,0,0,0,1,0,0,10,0
2026-09-01T06:20:00+02:00,2026-09-01T06:25:00+02:00,0,0,2,114,0,0,0,0,3,4,0,0,0,0,0,0,0,0,0,0,0,12,0
2026-09-01T06:25:00+02:00,2026-09-01T06:30:00+02:00,0,0,2,108,0,0,0,0,6,2,1,0,0,0,0,0,0,0,0,0,0,7,0
2026-09-01T06:30:00+02:00,2026-09-01T06:35:00+02:00,0,0,2,102,0,0,0,0,11,7,2,0,0,0,0,0,0,0,0,0,0,5,0
2026-09-01T06:35:00+02:00,2026-09-01T06:40:00+02:00,0,0,5,139,2,0,0,0,11,9,1,0,0,0,0,0,0,0,0,0,0,3,0
2026-09-01T06:40:00+02:00,2026-09-01T06:45:00+02:00,0,0,1,132,1,0,0,0,7,12,0,0,0,0,0,0,4,0,1,0,0,10,0
2026-09-01T06:45:00+02:00,2026-09-01T06:50:00+02:00,0,0,3,153,1,0,0,0,9,7,3,0,0,0,0,0,0,0,0,0,0,10,0
2026-09-01T06:50:00+02:00,2026-09-01T06:55:00+02:00,0,0,3,147,0,0,0,0,6,5,3,0,0,0,0,0,0,0,0,0,0,9,0
2026-09-01T06:55:00+02:00,2026-09-01T07:00:00+02:00,0,0,1,166,3,0,0,0,4,8,0,0,0,0,0,0,1,0,0,0,0,13,0
2026-09-01T07:00:00+02:00,2026-09-01T07:05:00+02:00,0,0,2,138,0,0,0,0,3,6,1,0,0,0,0,0,1,0,2,0,0,8,0
2026-09-01T07:05:00+02:00,2026-09-01T07:10:00+02:00,0,0,5,165,1,0,0,0,20,16,0,0,0,0,0,0,0,0,1,0,0,21,0
2026-09-01T07:10:00+02:00,2026-09-01T07:15:00+02:00,0,0,5,141,1,0,0,0,6,12,1,0,0,0,0,0,0,0,1,0,0,13,0
2026-09-01T07:15:00+02:00,2026-09-01T07:20:00+02:00,0,0,3,173,2,0,0,0,14,17,5,0,0,0,0,0,0,0,0,0,0,14,0
2026-09-01T07:20:00+02:00,2026-09-01T07:25:00+02:00,0,0,6,146,0,0,0,0,3,15,2,0,0,0,0,0,0,0,1,0,0,14,0
2026-09-01T07:25:00+02:00,2026-09-01T07:30:00+02:00,0,0,8,194,0,0,0,0,4,10,0,0,0,0,0,0,0,0,0,0,0,15,0
2026-09-01T07:30:00+02:00,2026-09-01T07:35:00+02:00,0,0,5,202,0,3,0,0,8,9,1,0,0,0,0,0,0,0,0,0,0,10,0
2026-09-01T07:35:00+02:00,2026-09-01T07:40:00+02:00,0,0,2,188,0,0,0,0,10,10,2,0,0,0,0,0,1,0,0,0,0,17,0
2026-09-01T07:40:00+02:00,2026-09-01T07:45:00+02:00,0,0,10,230,0,0,0,0,8,13,1,0,0,0,0,0,0,0,2,0,0,5,0
2026-09-01T07:45:00+02:00,2026-09-01T07:50:00+02:00,0,0,4,197,2,0,0,0,7,6,0,0,0,0,0,0,0,0,0,0,0,13,0
2026-09-01T07:50:00+02:00,2026-09-01T07:55:00+02:00,0,0,3,206,0,0,0,0,5,16,0,0,0,0,0,0,0,0,4,0,0,18,0
2026-09-01T07:55:00+02:00,2026-09-01T08:00:00+02:00,0,0,1,179,3,0,0,0,6,15,3,0,0,0,0,0,0,0,1,0,0,8,0
2026-09-01T08:00:00+02:00,2026-09-01T08:05:00+02:00,0,0,7,172,0,0,0,0,9,15,0,0,0,0,0,0,0,0,3,0,0,7,0
2026-09-01T08:05:00+02:00,2026-09-01T08:10:00+02:00,0,0,0,120,0,0,0,0,7,13,0,0,0,0,0,0,0,0,1,0,0,13,0
2026-09-01T08:10:00+02:00,2026-09-01T08:15:00+02:00,0,0,3,133,4,0,0,0,8,10,2,0,0,0,0,0,2,0,0,0,0,11,0
2026-09-01T08:15:00+02:00,2026-09-01T08:20:00+02:00,0,0,0,127,1,0,0,0,1,4,1,0,0,0,0,0,0,0,0,0,0,9,0
2026-09-01T08:20:00+02:00,2026-09-01T08:25:00+02:00,0,0,1,130,1,0,0,0,9,14,0,0,0,0,0,0,0,0,2,0,0,20,0
2026-09-01T08:25:00+02:00,2026-09-01T08:30:00+02:00,0,0,3,153,1,0,0,0,9,11,2,0,0,0,0,0,2,0,0,0,0,6,0
2026-09-01T08:30:00+02:00,2026-09-01T08:35:00+02:00,0,0,1,152,5,0,0,0,14,14,3,0,0,0,0,0,0,0,1,0,0,13,0
2026-09-01T08:35:00+02:00,2026-09-01T08:40:00+02:00,0,0,1,141,1,0,0,0,10,9,7,0,0,0,0,0,1,0,0,0,0,13,0
2026-09-01T08:40:00+02:00,2026-09-01T08:45:00+02:00,0,0,7,170,0,0,0,0,7,22,3,0,0,0,0,0,0,0,0,0,0,11,0
2026-09-01T08:45:00+02:00,2026-09-01T08:50:00+02:00,0,0,2,171,1,0,0,0,7,9,0,0,0,0,0,0,0,0,0,0,0,23,0
2026-09-01T08:50:00+02:00,2026-09-01T08:55:00+02:00,0,0,1,186,1,0,0,0,11,15,0,0,0,0,0,0,2,0,2,0,0,20,0
2026-09-01T08:55:00+02:00,2026-09-01T09:00:00+02:00,0,0,1,188,0,0,0,0,5,16,0,0,0,0,0,0,0,0,0,0,0,14,0
2026-09-01T09:00:00+02:00,2026-09-01T09:05:00+02:00,0,0,4,157,1,0,0,0,11,20,5,0,0,0,0,0,0,0,1,0,0,17,0
2026-09-01T09:05:00+02:00,2026-09-01T09:10:00+02:00,0,0,2,159,1,0,0,0,7,13,0,0,0,0,0,0,0,0,2,0,0,9,0
2026-09-01T09:10:00+02:00,2026-09-01T09:15:00+02:00,0,0,4,199,5,0,0,0,14,16,1,0,0,0,0,0,0,0,2,0,0,9,0
2026-09-01T09:15:00+02:00,2026-09-01T09:20:00+02:00,0,0,4,165,0,0,0,0,8,7,2,0,0,0,0,0,0,0,0,0,0,11,0
2026-09-01T09:20:00+02:00,2026-09-01T09:25:00+02:00,0,0,0,166,1,0,0,0,9,11,0,0,0,0,0,0,0,0,1,0,0,5,0
2026-09-01T09:25:00+02:00,2026-09-01T09:30:00+02:00,0,0,0,168,0,0,0,0,5,11,1,0,0,0,0,0,0,0,3,0,0,12,0
2026-09-01T09:30:00+02:00,2026-09-01T09:35:00+02:00,0,0,1,186,3,0,0,0,18,11,1,0,0,0,0,0,0,0,0,0,0,8,0
2026-09-01T09:35:00+02:00,2026-09-01T09:40:00+02:00,0,0,0,208,3,0,0,0,11,7,2,0,0,0,0,0,0,0,0,0,0,10,0
2026-09-01T09:40:00+02:00,2026-09-01T09:45:00+02:00,0,0,1,186,2,0,0,0,12,10,5,0,0,0,0,0,2,0,1,0,0,9,0
2026-09-01T09:45:00+02:00,2026-09-01T09:50:00+02:00,0,0,2,233,2,0,0,0,7,8,4,0,0,0,0,0,2,0,3,0,0,15,0
2026-09-01T09:50:00+02:00,2026-09-01T09:55:00+02:00,0,0,0,208,6,0,0,0,13,8,0,0,0,0,0,0,0,0,0,0,0,11,0
2026-09-01T09:55:00+02:00,2026-09-01T10:00:00+02:00,0,0,1,186,4,0,0,0,17,7,5,0,0,0,0,0,0,0,0,0,0,11,0
2026-09-01T10:00:00+02:00,2026-09-01T10:05:00+02:00,0,0,6,163,2,0,0,0,14,16,1,0,0,0,0,0,0,0,0,0,0,10,0
2026-09-01T10:05:00+02:00,2026-09-01T10:10:00+02:00,0,0,1,185,2,0,0,0,11,12,1,0,0,0,0,0,0,0,2,0,0,12,0
2026-09-01T10:10:00+02:00,2026-09-01T10:15:00+02:00,0,0,1,188,1,0,0,0,12,11,5,0,0,0,0,0,2,0,4,0,0,14,0
2026-09-01T10:15:00+02:00,2026-09-01T10:20:00+02:00,0,0,2,179,4,0,0,0,10,7,4,0,0,0,0,0,1,0,1,0,0,18,0
2026-09-01T10:20:00+02:00,2026-09-01T10:25:00+02:00,0,0,0,194,5,0,0,0,12,14,3,0,0,0,0,0,1,0,3,0,0,10,0
2026-09-01T10:25:00+02:00,2026-09-01T10:30:00+02:00,0,0,1,175,0,0,0,0,8,14,0,0,0,0,0,0,0,0,1,0,0,6,0
2026-09-01T10:30:00+02:00,2026-09-01T10:35:00+02:00,0,0,6,186,0,0,0,0,12,7,2,0,0,0,0,0,0,0,1,0,0,5,0
2026-09-01T10:35:00+02:00,2026-09-01T10:40:00+02:00,0,0,1,157,2,0,0,0,13,20,1,0,0,0,0,0,0,0,1,0,0,11,0
2026-09-01T10:40:00+02:00,2026-09-01T10:45:00+02:00,0,0,0,179,4,0,0,0,11,13,2,0,0,0,0,0,0,0,0,0,0,21,0
2026-09-01T10:45:00+02:00,2026-09-01T10:50:00+02:00,0,0,3,179,1,0,0,0,11,13,2,0,0,0,0,0,5,0,1,0,0,16,0
2026-09-01T10:50:00+02:00,2026-09-01T10:55:00+02:00,0,0,3,185,0,0,0,0,13,7,2,0,0,0,0,0,0,0,0,0,0,13,0
2026-09-01T10:55:00+02:00,2026-09-01T11:00:00+02:00,0,0,2,180,0,0,0,0,9,8,1,0,0,0,0,0,0,0,0,0,0,11,0
2026-09-01T11:00:00+02:00,2026-09-01T11:05:00+02:00,0,0,2,175,1,0,0,0,11,8,12,0,0,0,0,0,0,0,0,0,0,18,0
2026-09-01T11:05:00+02:00,2026-09-01T11:10:00+02:00,0,0,1,172,2,0,0,0,15,17,2,0,0,0,0,0,0,0,3,0,0,17,0
2026-09-01T11:10:00+02:00,2026-09-01T11:15:00+02:00,0,0,5,149,1,0,0,0,13,19,0,0,0,0,0,0,3,0,0,0,0,16,0
2026-09-01T11:15:00+02:00,2026-09-01T11:20:00+02:00,0,0,0,182,0,0,0,0,7,7,4,0,0,0,0,0,1,0,4,0,0,16,0
2026-09-01T11:20:00+02:00,2026-09-01T11:25:00+02:00,0,0,0,178,3,0,0,0,12,14,1,0,0,0,0,0,1,0,1,0,0,14,0
2026-09-01T11:25:00+02:00,2026-09-01T11:30:00+02:00,0,0,0,188,3,0,0,0,12,10,2,0,0,0,0,0,0,0,1,0,0,11,0
2026-09-01T11:30:00+02:00,2026-09-01T11:35:00+02:00,0,0,1,186,4,0,0,0,4,10,6,0,0,0,0,0,0,0,0,0,0,14,0
2026-09-01T11:35:00+02:00,2026-09-01T11:40:00+02:00,0,0,1,196,0,0,0,0,8,11,4,0,0,0,0,0,1,0,2,0,0,14,0
2026-09-01T11:40:00+02:00,2026-09-01T11:45:00+02:00,0,0,5,185,1,0,0,0,8,7,3,0,0,0,0,0,0,0,2,0,0,17,0
2026-09-01T11:45:00+02:00,2026-09-01T11:50:00+02:00,0,0,0,148,1,0,0,0,4,6,4,0,0,0,0,0,0,0,0,0,0,12,0
2026-09-01T11:50:00+02:00,2026-09-01T11:55:00+02:00,0,0,1,215,3,0,0,0,16,9,1,0,0,0,0,0,0,0,0,0,0,13,0
2026-09-01T11:55:00+02:00,2026-09-01T12:00:00+02:00,0,0,0,168,3,0,0,0,13,7,1,0,0,0,0,0,0,0,0,0,0,8,0
2026-09-01T12:00:00+02:00,2026-09-01T12:05:00+02:00,0,0,3,176,5,0,0,0,7,12,6,0,0,0,0,0,0,0,0,0,0,8,0
2026-09-01T12:05:00+02:00,2026-09-01T12:10:00+02:00,0,0,4,169,3,0,0,0,11,16,1,0,0,0,0,0,1,0,0,0,0,16,0
2026-09-01T12:10:00+02:00,2026-09-01T12:15:00+02:00,0,0,4,162,3,0,0,0,8,13,4,0,0,0,0,0,0,0,0,0,0,6,0
2026-09-01T12:15:00+02:00,2026-09-01T12:20:00+02:00,0,0,6,177,2,0,0,0,5,22,0,0,0,0,0,0,0,0,1,0,0,19,0
2026-09-01T12:20:00+02:00,2026-09-01T12:25:00+02:00,0,0,3,181,0,0,0,0,9,14,7,0,0,0,0,0,1,0,2,0,0,11,0
2026-09-01T12:25:00+02:00,2026-09-01T12:30:00+02:00,0,0,0,142,2,0,0,0,6,14,7,0,0,0,0,0,0,0,0,0,0,17,0
2026-09-01T12:30:00+02:00,2026-09-01T12:35:00+02:00,0,0,2,159,0,0,0,0,7,15,2,0,0,0,0,0,1,0,1,0,0,11,0
2026-09-01T12:35:00+02:00,2026-09-01T12:40:00+02:00,0,0,2,163,2,2,0,0,9,11,2,0,0,0,0,0,2,0,0,0,0,16,0
2026-09-01T12:40:00+02:00,2026-09-01T12:45:00+02:00,0,0,2,186,1,0,0,0,12,14,1,0,0,0,0,0,0,0,0,0,0,6,0
2026-09-01T12:45:00+02:00,2026-09-01T12:50:00+02:00,0,0,1,166,0,0,0,0,12,6,0,0,0,0,0,0,0,0,1,0,0,17,0
2026-09-01T12:50:00+02:00,2026-09-01T12:55:00+02:00,0,0,4,180,0,0,0,0,4,10,0,0,0,0,0,0,3,0,0,0,0,10,0
2026-09-01T12:55:00+02:00,2026-09-01T13:00:00+02:00,0,0,7,160,0,0,0,0,12,8,2,0,0,0,0,0,0,0,0,0,0,15,0
2026-09-01T13:00:00+02:00,2026-09-01T13:05:00+02:00,0,0,4,192,1,0,0,0,7,20,4,0,0,0,0,0,2,0,0,0,0,15,0
2026-09-01T13:05:00+02:00,2026-09-01T13:10:00+02:00,0,0,2,162,4,0,0,0,10,9,2,0,0,0,0,0,0,0,0,0,0,11,0
2026-09-01T13:10:00+02:00,2026-09-01T13:15:00+02:00,0,0,5,147,2,0,0,0,17,13,0,0,0,0,0,0,1,0,1,0,0,14,0
2026-09-01T13:15:00+02:00,2026-09-01T13:20:00+02:00,0,0,2,173,6,0,0,0,7,10,1,0,0,0,0,0,2,0,2,0,0,9,0
2026-09-01T13:20:00+02:00,2026-09-01T13:25:00+02:00,0,0,2,168,2,0,0,0,7,12,6,0,0,0,0,0,0,0,3,0,0,13,0
2026-09-01T13:25:00+02:00,2026-09-01T13:30:00+02:00,0,0,2,190,0,0,0,0,11,15,5,0,0,0,0,0,0,0,1,0,0,15,0
2026-09-01T13:30:00+02:00,2026-09-01T13:35:00+02:00,0,0,3,167,0,0,0,0,12,16,1,0,0,0,0,0,2,0,2,0,0,19,0
2026-09-01T13:35:00+02:00,2026-09-01T13:40:00+02:00,0,0,1,165,2,0,0,0,5,11,5,0,0,0,0,0,3,0,1,0,0,10,0
2026-09-01T13:40:00+02:00,2026-09-01T13:45:00+02:00,0,0,6,177,3,0,0,0,13,9,2,0,0,0,0,0,0,0,1,0,0,9,0
2026-09-01T13:45:00+02:00,2026-09-01T13:50:00+02:00,0,0,2,179,0,0,0,0,4,8,7,0,0,0,0,0,0,0,0,0,0,19,0
2026-09-01T13:50:00+02:00,2026-09-01T13:55:00+02:00,0,0,0,137,2,0,0,0,8,4,6,0,0,0,0,0,0,0,2,0,0,21,0
2026-09-01T13:55:00+02:00,2026-09-01T14:00:00+02:00,0,0,4,145,7,0,0,0,10,9,1,0,0,0,0,0,0,0,1,0,0,12,0
2026-09-01T14:00:00+02:00,2026-09-01T14:05:00+02:00,0,0,1,188,1,0,0,0,10,7,3,0,0,0,0,0,1,0,0,0,0,12,0
2026-09-01T14:05:00+02:00,2026-09-01T14:10:00+02:00,0,0,2,204,2,0,0,0,7,9,2,0,0,0,0,0,0,0,0,0,0,14,0
2026-09-01T14:10:00+02:00,2026-09-01T14:15:00+02:00,0,0,6,192,3,0,0,0,9,12,6,0,0,0,0,0,0,0,0,0,0,3,0
2026-09-01T14:15:00+02:00,2026-09-01T14:20:00+02:00,0,0,1,217,0,0,0,0,11,12,1,0,0,0,0,0,0,0,0,0,0,12,0
2026-09-01T14:20:00+02:00,2026-09-01T14:25:00+02:00,0,0,2,201,1,0,0,0,8,14,9,0,0,0,0,0,0,0,0,0,0,20,0
2026-09-01T14:25:00+02:00,2026-09-01T14:30:00+02:00,0,0,1,190,0,0,0,0,15,11,3,0,0,0,0,0,0,0,0,0,0,5,0
2026-09-01T14:30:00+02:00,2026-09-01T14:35:00+02:00,0,0,6,204,3,0,0,0,9,11,1,0,0,0,0,0,0,0,1,0,0,7,0
2026-09-01T14:35:00+02:00,2026-09-01T14:40:00+02:00,0,0,1,184,4,0,0,0,4,17,4,0,0,0,0,0,0,0,0,0,0,12,0
2026-09-01T14:40:00+02:00,2026-09-01T14:45:00+02:00,0,0,4,245,0,0,0,0,10,9,7,0,0,0,0,0,1,0,0,0,0,6,0
2026-09-01T14:45:00+02:00,2026-09-01T14:50:00+02:00,0,0,6,195,3,0,0,0,3,13,2,0,0,0,0,0,0,0,1,0,0,18,0
2026-09-01T14:50:00+02:00,2026-09-01T14:55:00+02:00,0,0,3,175,7,0,0,0,13,5,6,0,0,0,0,0,0,0,0,0,0,10,0
2026-09-01T14:55:00+02:00,2026-09-01T15:00:00+02:00,0,0,1,197,0,0,0,0,9,9,0,0,0,0,0,0,0,0,2,0,0,11,0
2026-09-01T15:00:00+02:00,2026-09-01T15:05:00+02:00,0,0,4,175,1,0,0,0,14,9,8,0,0,0,0,0,0,0,0,0,0,17,0
2026-09-01T15:05:00+02:00,2026-09-01T15:10:00+02:00,0,0,3,214,0,0,0,0,8,2,2,0,0,0,0,0,0,0,0,0,0,18,0
2026-09-01T15:10:00+02:00,2026-09-01T15:15:00+02:00,0,0,2,228,5,0,0,0,11,13,1,0,0,0,0,0,0,0,0,0,0,3,0
2026-09-01T15:15:00+02:00,2026-09-01T15:20:00+02:00,0,0,1,218,3,0,0,0,8,7,2,0,0,0,0,0,0,0,0,0,0,12,0
2026-09-01T15:20:00+02:00,2026-09-01T15:25:00+02:00,0,0,4,170,4,0,0,0,11,9,2,0,0,0,0,0,1,0,1,0,0,9,0
2026-09-01T15:25:00+02:00,2026-09-01T15:30:00+02:00,0,0,2,208,3,0,0,0,14,3,6,0,0,0,0,0,0,0,0,0,0,13,0
2026-09-01T15:30:00+02:00,2026-09-01T15:35:00+02:00,0,0,5,171,1,0,0,0,7,5,5,0,0,0,0,0,0,0,0,0,0,10,0
2026-09-01T15:35:00+02:00,2026-09-01T15:40:00+02:00,0,0,4,200,3,0,0,0,5,8,2,0,0,0,0,0,0,0,0,0,0,7,0
2026-09-01T15:40:00+02:00,2026-09-01T15:45:00+02:00,0,0,13,231,1,0,0,0,10,14,8,0,0,0,0,0,0,0,3,0,0,11,0
2026-09-01T15:45:00+02:00,2026-09-01T15:50:00+02:00,0,0,6,219,2,0,0,0,5,6,4,0,0,0,0,0,0,0,0,0,0,6,0
2026-09-01T15:50:00+02:00,2026-09-01T15:55:00+02:00,0,0,3,213,2,0,0,0,10,13,4,0,0,0,0,0,0,0,0,0,0,8,0
2026-09-01T15:55:00+02:00,2026-09-01T16:00:00+02:00,0,0,5,247,0,0,0,0,6,6,7,0,0,0,0,0,0,0,0,0,0,10,0
2026-09-01T16:00:00+02:00,2026-09-01T16:05:00+02:00,0,0,0,216,0,0,0,0,4,1,6,0,0,0,0,0,1,0,0,0,0,16,0
2026-09-01T16:05:00+02:00,2026-09-01T16:10:00+02:00,0,0,3,230,2,0,0,0,4,5,4,0,0,0,0,0,0,0,0,0,0,6,0
2026-09-01T16:10:00+02:00,2026-09-01T16:15:00+02:00,0,0,4,212,0,0,0,0,5,6,1,0,0,0,0,0,0,0,1,0,0,7,0
2026-09-01T16:15:00+02:00,2026-09-01T16:20:00+02:00,0,0,2,180,2,0,0,0,9,6,2,0,0,0,0,0,0,0,0,0,0,5,0
2026-09-01T16:20:00+02:00,2026-09-01T16:25:00+02:00,0,0,2,196,0,0,0,0,3,7,5,0,0,0,0,0,0,0,1,0,0,4,0
2026-09-01T16:25:00+02:00,2026-09-01T16:30:00+02:00,0,0,2,156,1,0,0,0,1,5,7,0,0,0,0,0,0,0,2,0,0,6,0
2026-09-01T16:30:00+02:00,2026-09-01T16:35:00+02:00,0,0,5,139,2,0,0,0,7,5,5,0,0,0,0,0,0,0,0,0,0,11,0
2026-09-01T16:35:00+02:00,2026-09-01T16:40:00+02:00,0,0,3,163,2,0,0,0,4,4,1,0,0,0,0,0,2,0,0,0,0,9,0
2026-09-01T16:40:00+02:00,2026-09-01T16:45:00+02:00,0,0,6,207,4,0,0,0,7,5,10,0,0,0,0,0,0,0,1,0,0,7,0
2026-09-01T16:45:00+02:00,2026-09-01T16:50:00+02:00,0,0,3,173,4,0,0,0,5,5,6,0,0,0,0,0,0,0,0,0,0,10,0
2026-09-01T16:50:00+02:00,2026-09-01T16:55:00+02:00,0,0,2,141,2,0,0,0,5,5,7,0,0,0,0,0,0,0,1,0,0,6,0
2026-09-01T16:55:00+02:00,2026-09-01T17:00:00+02:00,0,0,1,175,0,1,0,0,6,7,12,0,0,0,0,0,0,0,0,0,0,9,0
2026-09-01T17:00:00+02:00,2026-09-01T17:05:00+02:00,0,0,3,171,1,0,0,0,4,6,1,0,0,0,0,0,0,0,1,0,0,8,0
2026-09-01T17:05:00+02:00,2026-09-01T17:10:00+02:00,0,0,3,143,3,0,0,0,5,1,2,0,0,0,0,0,2,0,0,0,0,5,0
2026-09-01T17:10:00+02:00,2026-09-01T17:15:00+02:00,0,0,3,148,3,0,0,0,6,8,3,0,0,0,0,0,0,0,0,0,0,6,0
2026-09-01T17:15:00+02:00,2026-09-01T17:20:00+02:00,0,0,0,137,4,0,0,0,5,3,0,0,0,0,0,0,0,0,1,0,0,2,0
2026-09-01T17:20:00+02:00,2026-09-01T17:25:00+02:00,0,0,0,111,1,0,0,0,6,8,2,0,0,0,0,0,0,0,1,0,0,2,0
2026-09-01T17:25:00+02:00,2026-09-01T17:30:00+02:00,0,0,1,171,2,0,0,0,7,4,13,0,0,0,0,0,0,0,0,0,0,4,0
2026-09-01T17:30:00+02:00,2026-09-01T17:35:00+02:00,0,0,1,118,0,0,0,0,5,4,2,0,0,0,0,0,0,0,0,0,0,2,0
2026-09-01T17:35:00+02:00,2026-09-01T17:40:00+02:00,0,0,3,103,0,0,0,0,4,5,4,0,0,0,0,0,0,0,0,0,0,7,0
2026-09-01T17:40:00+02:00,2026-09-01T17:45:00+02:00,0,0,2,139,2,0,0,0,4,1,1,0,0,0,0,0,1,0,0,0,0,7,0
2026-09-01T17:45:00+02:00,2026-09-01T17:50:00+02:00,0,0,2,154,2,0,0,0,7,3,7,0,0,0,0,0,0,0,2,0,0,7,0
2026-09-01T17:50:00+02:00,2026-09-01T17:55:00+02:00,0,0,2,148,1,0,0,0,8,7,20,0,0,0,0,0,0,0,2,0,0,5,0
2026-09-01T17:55:00+02:00,2026-09-01T18:00:00+02:00,0,0,4,129,2,0,0,0,3,4,0,0,0,0,0,0,0,0,0,0,0,4,0
2026-09-01T18:00:00+02:00,2026-09-01T18:05:00+02:00,0,0,3,142,2,0,0,0,2,4,2,0,0,0,0,0,0,0,0,0,0,10,0
2026-09-01T18:05:00+02:00,2026-09-01T18:10:00+02:00,0,0,1,159,4,0,0,0,3,3,0,0,0,0,0,0,0,0,1,0,0,5,0
2026-09-01T18:10:00+02:00,2026-09-01T18:15:00+02:00,0,0,1,152,1,0,0,0,6,2,1,0,0,0,0,0,0,0,0,0,0,5,0
2026-09-01T18:15:00+02:00,2026-09-01T18:20:00+02:00,0,0,1,143,0,0,0,0,6,0,3,0,0,0,0,0,0,0,0,0,0,4,0
2026-09-01T18:20:00+02:00,2026-09-01T18:25:00+02:00,0,0,3,143,0,0,0,0,5,0,1,0,0,0,0,0,0,0,0,0,0,5,0
2026-09-01T18:25:00+02:00,2026-09-01T18:30:00+02:00,0,0,3,131,1,0,0,0,1,0,9,0,0,0,0,0,0,0,0,0,0,5,0
2026-09-01T18:30:00+02:00,2026-09-01T18:35:00+02:00,0,0,2,112,0,0,0,0,4,2,5,0,0,0,0,0,0,0,0,0,0,3,0
2026-09-01T18:35:00+02:00,2026-09-01T18:40:00+02:00,0,0,1,130,2,0,0,0,6,3,4,0,0,0,0,0,0,0,0,0,0,5,0
2026-09-01T18:40:00+02:00,2026-09-01T18:45:00+02:00,0,0,3,130,0,0,0,0,8,1,3,0,0,0,0,0,0,0,0,0,0,6,0
2026-09-01T18:45:00+02:00,2026-09-01T18:50:00+02:00,0,0,1,149,0,0,0,0,3,2,2,0,0,0,0,0,0,0,0,0,0,3,0
2026-09-01T18:50:00+02:00,2026-09-01T18:55:00+02:00,0,0,1,108,0,0,0,0,5,1,2,0,0,0,0,0,0,0,0,0,0,4,0
2026-09-01T18:55:00+02:00,2026-09-01T19:00:00+02:00,0,0,1,134,0,0,0,0,5,1,3,0,0,0,0,0,0,0,1,0,0,1,0
2026-09-01T19:00:00+02:00,2026-09-01T19:05:00+02:00,0,0,4,102,0,0,0,0,1,0,8,0,0,0,0,0,0,0,0,0,0,0,0
2026-09-01T19:05:00+02:00,2026-09-01T19:10:00+02:00,0,0,3,110,0,0,0,0,3,3,6,0,0,0,0,0,0,0,0,0,0,5,0
2026-09-01T19:10:00+02:00,2026-09-01T19:15:00+02:00,0,0,1,106,1,0,0,0,2,5,1,0,0,0,0,0,0,0,0,0,0,7,0
2026-09-01T19:15:00+02:00,2026-09-01T19:20:00+02:00,0,0,1,110,0,0,0,0,6,4,3,0,0,0,0,0,0,0,2,0,0,2,0
2026-09-01T19:20:00+02:00,2026-09-01T19:25:00+02:00,0,0,1,93,2,0,0,0,4,1,3,0,0,0,0,0,0,0,0,0,0,3,0
2026-09-01T19:25:00+02:00,2026-09-01T19:30:00+02:00,0,0,1,112,0,0,0,0,2,1,2,0,0,0,0,0,0,0,0,0,0,3,0
2026-09-01T19:30:00+02:00,2026-09-01T19:35:00+02:00,0,0,1,117,2,0,0,0,7,3,2,0,0,0,0,0,0,0,0,0,0,11,0
2026-09-01T19:35:00+02:00,2026-09-01T19:40:00+02:00,0,0,0,92,0,0,0,0,5,1,0,0,0,0,0,0,0,0,0,0,0,3,0
2026-09-01T19:40:00+02:00,2026-09-01T19:45:00+02:00,0,0,3,108,4,0,0,0,3,1,1,0,0,0,0,0,0,0,0,0,0,6,0
2026-09-01T19:45:00+02:00,2026-09-01T19:50:00+02:00,0,0,0,110,1,0,0,0,4,2,0,0,0,0,0,0,0,0,0,0,0,5,0
2026-09-01T19:50:00+02:00,2026-09-01T19:55:00+02:00,0,0,1,87,1,0,0,0,2,0,1,0,0,0,0,0,0,0,0,0,0,4,0
2026-09-01T19:55:00+02:00,2026-09-01T20:00:00+02:00,0,0,1,90,0,0,0,0,5,1,0,0,0,0,0,0,0,0,0,0,0,1,0
2026-09-01T20:00:00+02:00,2026-09-01T20:05:00+02:00,0,0,0,81,0,0,0,0,8,0,4,0,0,0,0,0,0,0,0,0,0,1,0
2026-09-01T20:05:00+02:00,2026-09-01T20:10:00+02:00,0,0,1,109,0,0,0,0,4,0,5,0,0,0,0,0,0,0,0,0,0,0,0
2026-09-01T20:10:00+02:00,2026-09-01T20:15:00+02:00,0,0,5,86,1,0,0,0,3,0,2,0,0,0,0,0,2,0,2,0,0,0,0
2026-09-01T20:15:00+02:00,2026-09-01T20:20:00+02:00,0,0,4,91,0,0,0,0,4,1,2,0,0,0,0,0,0,0,0,0,0,2,0
2026-09-01T20:20:00+02:00,2026-09-01T20:25:00+02:00,0,0,1,102,1,0,0,0,3,0,2,0,0,0,0,0,0,0,0,0,0,8,0
2026-09-01T20:25:00+02:00,2026-09-01T20:30:00+02:00,0,0,1,72,1,0,0,0,2,4,0,0,0,0,0,0,0,0,1,0,0,4,0
2026-09-01T20:30:00+02:00,2026-09-01T20:35:00+02:00,0,0,1,65,0,0,0,0,4,3,1,0,0,0,0,0,0,0,0,0,0,3,0
2026-09-01T20:35:00+02:00,2026-09-01T20:40:00+02:00,0,0,0,55,2,0,0,0,7,0,1,0,0,0,0,0,0,0,0,0,0,2,0
2026-09-01T20:40:00+02:00,2026-09-01T20:45:00+02:00,0,0,1,73,1,0,0,0,2,1,0,0,0,0,0,0,0,0,0,0,0,2,0
2026-09-01T20:45:00+02:00,2026-09-01T20:50:00+02:00,0,0,1,66,0,0,0,0,3,0,0,0,0,0,0,0,0,0,0,0,0,2,0
2026-09-01T20:50:00+02:00,2026-09-01T20:55:00+02:00,0,0,2,57,0,0,0,0,0,1,0,0,0,0,0,0,0,0,1,0,0,2,0
2026-09-01T20:55:00+02:00,2026-09-01T21:00:00+02:00,0,0,2,64,0,0,0,0,1,0,0,0,0,0,0,0,0,0,0,0,0,1,0
2026-09-01T21:00:00+02:00,2026-09-01T21:05:00+02:00,0,0,0,64,1,0,0,0,1,3,0,0,0,0,0,0,0,0,1,0,0,0,0
2026-09-01T21:05:00+02:00,2026-09-01T21:10:00+02:00,0,0,0,61,0,0,0,0,6,1,1,0,0,0,0,0,0,0,0,0,0,0,0
2026-09-01T21:10:00+02:00,2026-09-01T21:15:00+02:00,0,0,2,51,0,0,0,0,4,1,0,0,0,0,0,0,0,0,0,0,0,0,0
2026-09-01T21:15:00+02:00,2026-09-01T21:20:00+02:00,0,0,1,44,0,0,0,0,3,2,1,0,0,0,0,0,0,0,0,0,0,0,0
2026-09-01T21:20:00+02:00,2026-09-01T21:25:00+02:00,0,0,5,50,1,0,0,0,3,2,1,0,0,0,0,0,0,0,0,0,0,0,0
2026-09-01T21:25:00+02:00,2026-09-01T21:30:00+02:00,0,0,1,37,0,0,0,0,2,1,0,0,0,0,0,0,0,0,0,0,0,1,0
2026-09-01T21:30:00+02:00,2026-09-01T21:35:00+02:00,0,0,1,40,0,0,0,0,3,0,1,0,0,0,0,0,0,0,0,0,0,1,0
2026-09-01T21:35:00+02:00,2026-09-01T21:40:00+02:00,0,0,3,14,0,0,0,0,1,0,0,0,0,0,0,0,0,0,0,0,0,2,0
2026-09-01T21:40:00+02:00,2026-09-01T21:45:00+02:00,0,0,1,30,0,0,0,0,4,1,0,0,0,0,0,0,0,0,0,0,0,0,0
2026-09-01T21:45:00+02:00,2026-09-01T21:50:00+02:00,0,0,0,38,0,0,0,0,2,0,0,0,0,0,0,0,0,0,0,0,0,1,0
2026-09-01T21:50:00+02:00,2026-09-01T21:55:00+02:00,0,0,0,26,0,0,0,0,1,0,0,0,0,0,0,0,0,0,0,0,0,0,0
2026-09-01T21:55:00+02:00,2026-09-01T22:00:00+02:00,0,0,0,28,0,0,0,0,1,0,0,0,0,0,0,0,0,0,0,0,0,1,0
2026-09-01T22:00:00+02:00,2026-09-01T22:05:00+02:00,0,0,1,40,0,0,0,0,1,0,0,0,0,0,0,0,0,0,0,0,0,0,0
2026-09-01T22:05:00+02:00,2026-09-01T22:10:00+02:00,0,0,0,66,0,0,0,0,0,0,0,0,0,0,0,0,0,0,0,0,0,1,0
2026-09-01T22:10:00+02:00,2026-09-01T22:15:00+02:00,0,0,2,64,0,0,0,0,3,2,1,0,0,0,0,0,0,0,1,0,0,3,0
2026-09-01T22:15:00+02:00,2026-09-01T22:20:00+02:00,0,0,3,31,0,0,0,0,4,0,0,0,0,0,0,0,0,0,0,0,0,2,0
2026-09-01T22:20:00+02:00,2026-09-01T22:25:00+02:00,0,0,0,34,0,0,0,0,2,0,0,0,0,0,0,0,0,0,0,0,0,0,0
2026-09-01T22:25:00+02:00,2026-09-01T22:30:00+02:00,0,0,1,24,0,0,0,0,1,0,0,0,0,0,0,0,0,0,0,0,0,3,0
2026-09-01T22:30:00+02:00,2026-09-01T22:35:00+02:00,0,0,0,25,0,0,0,0,0,1,0,0,0,0,0,0,0,0,1,0,0,0,0
2026-09-01T22:35:00+02:00,2026-09-01T22:40:00+02:00,0,0,0,27,0,0,0,0,2,1,0,0,0,0,0,0,0,0,0,0,0,2,0
2026-09-01T22:40:00+02:00,2026-09-01T22:45:00+02:00,0,0,0,19,0,0,0,0,1,1,0,0,0,0,0,0,0,0,0,0,0,0,0
2026-09-01T22:45:00+02:00,2026-09-01T22:50:00+02:00,0,0,0,19,2,0,0,0,2,0,0,0,0,0,0,0,0,0,0,0,0,3,0
2026-09-01T22:50:00+02:00,2026-09-01T22:55:00+02:00,0,0,0,16,0,0,0,0,0,0,1,0,0,0,0,0,0,0,0,0,0,2,0
2026-09-01T22:55:00+02:00,2026-09-01T23:00:00+02:00,0,0,0,17,0,0,0,0,2,1,0,0,0,0,0,0,0,0,1,0,0,1,0
2026-09-01T23:00:00+02:00,2026-09-01T23:05:00+02:00,0,0,0,25,0,0,0,0,2,0,0,0,0,0,0,0,0,0,0,0,0,0,0
2026-09-01T23:05:00+02:00,2026-09-01T23:10:00+02:00,0,0,0,17,0,0,0,0,5,0,0,0,0,0,0,0,0,0,0,0,0,5,0
2026-09-01T23:10:00+02:00,2026-09-01T23:15:00+02:00,0,0,0,9,0,0,0,0,0,1,0,0,0,0,0,0,0,0,1,0,0,1,0
2026-09-01T23:15:00+02:00,2026-09-01T23:20:00+02:00,0,0,3,17,0,0,0,0,2,1,0,0,0,0,0,0,0,0,0,0,0,0,0
2026-09-01T23:20:00+02:00,2026-09-01T23:25:00+02:00,0,0,1,12,0,0,0,0,2,0,0,0,0,0,0,0,0,0,0,0,0,0,0
2026-09-01T23:25:00+02:00,2026-09-01T23:30:00+02:00,0,0,4,23,0,0,0,0,1,1,0,0,0,0,0,0,0,0,0,0,0,3,0
2026-09-01T23:30:00+02:00,2026-09-01T23:35:00+02:00,0,0,4,17,0,0,0,0,3,0,0,0,0,0,0,0,0,0,0,0,0,0,0
2026-09-01T23:35:00+02:00,2026-09-01T23:40:00+02:00,0,0,1,11,0,0,0,0,0,0,0,0,0,0,0,0,0,0,0,0,0,1,0
2026-09-01T23:40:00+02:00,2026-09-01T23:45:00+02:00,0,0,2,14,1,0,0,0,3,1,0,0,0,0,0,0,0,0,0,0,0,2,0
2026-09-01T23:45:00+02:00,2026-09-01T23:50:00+02:00,0,0,0,10,0,0,0,0,0,0,0,0,0,0,0,0,0,0,0,0,0,2,0
2026-09-01T23:50:00+02:00,2026-09-01T23:55:00+02:00,0,0,0,5,0,0,0,0,0,0,0,0,0,0,0,0,0,0,0,0,0,0,0
2026-09-01T23:55:00+02:00,2026-09-02T00:00:00+02:00,0,0,0,7,1,0,0,0,2,1,0,0,0,0,0,0,0,0,0,0,0,0,0
2026-09-02T00:00:00+02:00,2026-09-02T00:05:00+02:00,0,0,0,3,0,0,0,0,1,0,0,0,0,0,0,0,0,0,0,0,0,1,0
2026-09-02T00:05:00+02:00,2026-09-02T00:10:00+02:00,0,0,0,9,0,0,0,0,2,0,0,0,0,0,0,0,0,0,0,0,0,0,0
2026-09-02T00:10:00+02:00,2026-09-02T00:15:00+02:00,0,0,0,10,0,0,0,0,0,0,0,0,0,0,0,0,0,0,0,0,0,0,0
2026-09-02T00:15:00+02:00,2026-09-02T00:20:00+02:00,0,0,0,8,0,0,0,0,0,0,0,0,0,0,0,0,0,0,0,0,0,0,0
2026-09-02T00:20:00+02:00,2026-09-02T00:25:00+02:00,0,0,0,10,0,0,0,0,4,0,0,0,0,0,0,0,0,0,0,0,0,0,0
2026-09-02T00:25:00+02:00,2026-09-02T00:30:00+02:00,0,0,0,9,0,0,0,0,2,0,0,0,0,0,0,0,0,0,0,0,0,0,0
2026-09-02T00:30:00+02:00,2026-09-02T00:35:00+02:00,0,0,0,2,0,0,0,0,0,2,0,0,0,0,0,0,0,0,0,0,0,0,0
2026-09-02T00:35:00+02:00,2026-09-02T00:40:00+02:00,0,0,0,5,0,0,0,0,1,2,0,0,0,0,0,0,0,0,0,0,0,0,0
2026-09-02T00:40:00+02:00,2026-09-02T00:45:00+02:00,0,0,0,5,0,0,0,0,0,0,0,0,0,0,0,0,0,0,0,0,0,1,0
2026-09-02T00:45:00+02:00,2026-09-02T00:50:00+02:00,0,0,0,11,0,0,0,0,2,0,0,0,0,0,0,0,0,0,0,0,0,0,0
2026-09-02T00:50:00+02:00,2026-09-02T00:55:00+02:00,0,0,0,3,0,0,0,0,2,1,0,0,0,0,0,0,0,0,1,0,0,0,0
2026-09-02T00:55:00+02:00,2026-09-02T01:00:00+02:00,0,0,0,5,0,0,0,0,0,0,0,0,0,0,0,0,0,0,0,0,0,2,0
2026-09-02T01:00:00+02:00,2026-09-02T01:05:00+02:00,0,0,0,5,0,0,0,0,0,0,0,0,0,0,0,0,0,0,0,0,0,0,0
2026-09-02T01:05:00+02:00,2026-09-02T01:10:00+02:00,0,0,0,7,0,0,0,0,0,1,0,0,0,0,0,0,0,0,0,0,0,0,0
2026-09-02T01:10:00+02:00,2026-09-02T01:15:00+02:00,0,0,0,2,0,0,0,0,4,0,0,0,0,0,0,0,0,0,0,0,0,0,0
2026-09-02T01:15:00+02:00,2026-09-02T01:20:00+02:00,0,0,0,6,0,0,0,0,0,1,0,0,0,0,0,0,0,0,0,0,0,1,0
2026-09-02T01:20:00+02:00,2026-09-02T01:25:00+02:00,0,0,0,5,0,0,0,0,1,1,0,0,0,0,0,0,0,0,0,0,0,1,0
2026-09-02T01:25:00+02:00,2026-09-02T01:30:00+02:00,0,0,0,6,1,0,0,0,4,2,2,0,0,0,0,0,0,0,0,0,0,0,0
2026-09-02T01:30:00+02:00,2026-09-02T01:35:00+02:00,0,0,0,0,0,0,0,0,2,1,0,0,0,0,0,0,0,0,0,0,0,1,0
2026-09-02T01:35:00+02:00,2026-09-02T01:40:00+02:00,0,0,0,2,0,0,0,0,1,2,0,0,0,0,0,0,0,0,0,0,0,0,0
2026-09-02T01:40:00+02:00,2026-09-02T01:45:00+02:00,0,0,0,5,0,0,0,0,0,0,0,0,0,0,0,0,0,0,0,0,0,2,0
2026-09-02T01:45:00+02:00,2026-09-02T01:50:00+02:00,0,0,0,7,0,0,0,0,2,0,0,0,0,0,0,0,0,0,0,0,0,2,0
2026-09-02T01:50:00+02:00,2026-09-02T01:55:00+02:00,0,0,0,3,0,0,0,0,1,0,0,0,0,0,0,0,0,0,0,0,0,0,0
2026-09-02T01:55:00+02:00,2026-09-02T02:00:00+02:00,0,0,0,2,0,0,0,0,2,2,0,0,0,0,0,0,0,0,1,0,0,0,0
2026-09-02T02:00:00+02:00,2026-09-02T02:05:00+02:00,0,0,0,5,0,0,0,0,0,3,0,0,0,0,0,0,0,0,0,0,0,1,0
2026-09-02T02:05:00+02:00,2026-09-02T02:10:00+02:00,0,0,0,3,2,0,0,0,2,5,0,0,0,0,0,0,0,0,0,0,0,0,0
2026-09-02T02:10:00+02:00,2026-09-02T02:15:00+02:00,0,0,0,4,0,0,0,0,1,2,0,0,0,0,0,0,0,0,0,0,0,0,0
2026-09-02T02:15:00+02:00,2026-09-02T02:20:00+02:00,0,0,0,4,0,0,0,0,3,0,0,0,0,0,0,0,0,0,0,0,0,0,0
2026-09-02T02:20:00+02:00,2026-09-02T02:25:00+02:00,0,0,0,3,0,0,0,0,1,1,0,0,0,0,0,0,0,0,0,0,0,0,0
2026-09-02T02:25:00+02:00,2026-09-02T02:30:00+02:00,0,0,0,4,0,0,0,0,3,0,0,0,0,0,0,0,0,0,0,0,0,2,0
2026-09-02T02:30:00+02:00,2026-09-02T02:35:00+02:00,0,0,0,3,0,0,0,0,1,0,0,0,0,0,0,0,0,0,0,0,0,1,0
2026-09-02T02:35:00+02:00,2026-09-02T02:40:00+02:00,0,0,0,1,0,0,0,0,1,1,0,0,0,0,0,0,0,0,0,0,0,0,0
2026-09-02T02:40:00+02:00,2026-09-02T02:45:00+02:00,0,0,0,4,2,0,0,0,1,0,0,0,0,0,0,0,0,0,0,0,0,0,0
2026-09-02T02:45:00+02:00,2026-09-02T02:50:00+02:00,0,0,0,4,0,0,0,0,1,2,0,0,0,0,0,0,0,0,0,0,0,0,0
2026-09-02T02:50:00+02:00,2026-09-02T02:55:00+02:00,0,0,0,7,0,0,0,0,3,4,0,0,0,0,0,0,0,0,1,0,0,1,0
2026-09-02T02:55:00+02:00,2026-09-02T03:00:00+02:00,0,0,0,4,0,0,0,0,1,0,0,0,0,0,0,0,0,0,0,0,0,0,0
2026-09-02T03:00:00+02:00,2026-09-02T03:05:00+02:00,0,0,0,5,0,0,0,0,0,3,0,0,0,0,0,0,0,0,0,0,0,0,0
2026-09-02T03:05:00+02:00,2026-09-02T03:10:00+02:00,0,0,0,1,0,0,0,0,4,0,0,0,0,0,0,0,0,0,0,0,0,1,0
2026-09-02T03:10:00+02:00,2026-09-02T03:15:00+02:00,0,0,0,3,0,0,0,0,3,4,0,0,0,0,0,0,0,0,0,0,0,1,0
2026-09-02T03:15:00+02:00,2026-09-02T03:20:00+02:00,0,0,0,8,0,0,0,0,5,2,0,0,0,0,0,0,0,0,0,0,0,0,0
2026-09-02T03:20:00+02:00,2026-09-02T03:25:00+02:00,0,0,0,7,1,0,0,0,2,1,0,0,0,0,0,0,0,0,0,0,0,2,0
2026-09-02T03:25:00+02:00,2026-09-02T03:30:00+02:00,0,0,0,6,1,0,0,0,7,1,0,0,0,0,0,0,0,0,0,0,0,2,0
2026-09-02T03:30:00+02:00,2026-09-02T03:35:00+02:00,0,0,0,4,0,0,0,0,3,3,0,0,0,0,0,0,0,0,0,0,0,2,0
2026-09-02T03:35:00+02:00,2026-09-02T03:40:00+02:00,0,0,0,5,0,0,0,0,3,1,0,0,0,0,0,0,0,0,0,0,0,0,0
2026-09-02T03:40:00+02:00,2026-09-02T03:45:00+02:00,0,0,0,2,0,0,0,0,3,0,0,0,0,0,0,0,0,0,0,0,0,0,0
2026-09-02T03:45:00+02:00,2026-09-02T03:50:00+02:00,0,0,0,10,0,0,0,0,5,0,0,0,0,0,0,0,0,0,0,0,0,1,0
2026-09-02T03:50:00+02:00,2026-09-02T03:55:00+02:00,0,0,0,7,0,0,0,0,3,1,0,0,0,0,0,0,0,0,1,0,0,0,0
2026-09-02T03:55:00+02:00,2026-09-02T04:00:00+02:00,0,0,1,7,0,0,0,0,2,3,0,0,0,0,0,0,0,0,0,0,0,0,0
2026-09-02T04:00:00+02:00,2026-09-02T04:05:00+02:00,0,0,0,14,0,0,0,0,2,5,0,0,0,0,0,0,0,0,0,0,0,1,0
2026-09-02T04:05:00+02:00,2026-09-02T04:10:00+02:00,0,0,4,5,0,0,0,0,8,1,2,0,0,0,0,0,0,0,1,0,0,2,0
2026-09-02T04:10:00+02:00,2026-09-02T04:15:00+02:00,0,0,5,9,0,0,0,0,6,1,0,0,0,0,0,0,0,0,0,0,0,0,0
2026-09-02T04:15:00+02:00,2026-09-02T04:20:00+02:00,0,0,4,17,0,0,0,0,4,4,0,0,0,0,0,0,0,0,1,0,0,1,0
2026-09-02T04:20:00+02:00,2026-09-02T04:25:00+02:00,0,0,4,15,0,0,0,0,2,2,0,0,0,0,0,0,0,0,0,0,0,4,0
2026-09-02T04:25:00+02:00,2026-09-02T04:30:00+02:00,0,0,0,19,0,0,0,0,2,3,0,0,0,0,0,0,0,0,1,0,0,4,0
2026-09-02T04:30:00+02:00,2026-09-02T04:35:00+02:00,0,0,2,22,0,0,0,0,1,0,0,0,0,0,0,0,0,0,0,0,0,4,0
2026-09-02T04:35:00+02:00,2026-09-02T04:40:00+02:00,0,0,1,25,0,0,0,0,3,3,1,0,0,0,0,0,0,0,0,0,0,0,0
2026-09-02T04:40:00+02:00,2026-09-02T04:45:00+02:00,0,0,0,32,1,0,0,0,4,4,1,0,0,0,0,0,0,0,0,0,0,1,0
2026-09-02T04:45:00+02:00,2026-09-02T04:50:00+02:00,0,0,0,25,0,0,0,0,4,5,1,0,0,0,0,0,0,0,1,0,0,3,0
2026-09-02T04:50:00+02:00,2026-09-02T04:55:00+02:00,0,0,3,48,1,0,0,0,0,1,0,0,0,0,0,0,0,0,0,0,0,4,0
2026-09-02T04:55:00+02:00,2026-09-02T05:00:00+02:00,0,0,0,36,0,0,0,0,5,0,0,0,0,0,0,0,0,0,0,0,0,3,0
2026-09-02T05:00:00+02:00,2026-09-02T05:05:00+02:00,0,0,1,41,0,0,0,0,5,2,0,0,0,0,0,0,0,0,0,0,0,4,0
2026-09-02T05:05:00+02:00,2026-09-02T05:10:00+02:00,0,0,4,34,0,0,0,0,9,6,0,0,0,0,0,0,0,0,0,0,0,1,0
2026-09-02T05:10:00+02:00,2026-09-02T05:15:00+02:00,0,0,4,50,0,0,0,0,3,5,0,0,0,0,0,0,0,0,0,0,0,1,0
2026-09-02T05:15:00+02:00,2026-09-02T05:20:00+02:00,0,0,3,65,0,0,0,0,11,1,2,0,0,0,0,0,0,0,1,0,0,3,0
2026-09-02T05:20:00+02:00,2026-09-02T05:25:00+02:00,0,0,4,62,0,0,0,0,6,2,0,0,0,0,0,0,0,0,0,0,0,3,0
2026-09-02T05:25:00+02:00,2026-09-02T05:30:00+02:00,0,0,7,62,0,0,0,0,12,1,0,0,0,0,0,0,0,0,0,0,0,3,0
2026-09-02T05:30:00+02:00,2026-09-02T05:35:00+02:00,0,0,3,86,0,0,0,0,6,5,1,0,0,0,0,0,0,0,0,0,0,3,0
2026-09-02T05:35:00+02:00,2026-09-02T05:40:00+02:00,0,0,5,93,0,0,0,0,4,6,2,0,0,0,0,0,0,0,2,0,0,4,0
2026-09-02T05:40:00+02:00,2026-09-02T05:45:00+02:00,0,0,6,92,0,0,0,0,6,2,1,0,0,0,0,0,0,0,0,0,0,4,0
2026-09-02T05:45:00+02:00,2026-09-02T05:50:00+02:00,0,0,1,108,0,0,0,0,12,11,0,0,0,0,0,0,0,0,3,0,0,7,0
2026-09-02T05:50:00+02:00,2026-09-02T05:55:00+02:00,0,0,2,98,1,0,0,0,9,6,1,0,0,0,0,0,0,0,0,0,0,3,0
2026-09-02T05:55:00+02:00,2026-09-02T06:00:00+02:00,0,0,6,92,0,0,0,0,8,6,1,0,0,0,0,0,0,0,1,0,0,7,0
2026-09-02T06:00:00+02:00,2026-09-02T06:05:00+02:00,0,0,1,57,1,0,0,0,6,7,3,0,0,0,0,0,0,0,1,0,0,12,0
2026-09-02T06:05:00+02:00,2026-09-02T06:10:00+02:00,0,0,3,77,0,0,0,0,7,5,0,0,0,0,0,0,0,0,0,0,0,4,0
2026-09-02T06:10:00+02:00,2026-09-02T06:15:00+02:00,0,0,1,101,0,0,0,0,10,6,0,0,0,0,0,0,2,0,1,0,0,6,0
2026-09-02T06:15:00+02:00,2026-09-02T06:20:00+02:00,0,0,5,98,0,0,0,0,5,1,1,0,0,0,0,0,0,0,0,0,0,10,0
2026-09-02T06:20:00+02:00,2026-09-02T06:25:00+02:00,0,0,3,92,1,0,0,0,16,10,0,0,0,0,0,0,0,0,0,0,0,8,0
2026-09-02T06:25:00+02:00,2026-09-02T06:30:00+02:00,0,0,1,122,2,0,0,0,10,9,0,0,0,0,0,0,0,0,0,0,0,7,0
2026-09-02T06:30:00+02:00,2026-09-02T06:35:00+02:00,0,0,2,124,0,0,0,0,10,6,0,0,0,0,0,0,0,0,1,0,0,11,0
2026-09-02T06:35:00+02:00,2026-09-02T06:40:00+02:00,0,0,4,140,3,0,0,0,9,9,2,0,0,0,0,0,0,0,1,0,0,14,0
2026-09-02T06:40:00+02:00,2026-09-02T06:45:00+02:00,0,0,3,139,0,0,0,0,8,20,0,0,0,0,0,0,3,0,2,0,0,7,0
2026-09-02T06:45:00+02:00,2026-09-02T06:50:00+02:00,0,0,2,161,0,0,0,0,10,10,4,0,0,0,0,0,0,0,0,0,0,17,0
2026-09-02T06:50:00+02:00,2026-09-02T06:55:00+02:00,0,0,4,127,1,0,0,0,11,7,1,0,0,0,0,0,0,0,0,0,0,11,0
2026-09-02T06:55:00+02:00,2026-09-02T07:00:00+02:00,0,0,2,150,2,0,0,0,5,15,4,0,0,0,0,0,2,0,0,0,0,10,0
2026-09-02T07:00:00+02:00,2026-09-02T07:05:00+02:00,0,0,0,165,0,0,0,0,10,14,1,0,0,0,0,0,0,0,0,0,0,15,0
2026-09-02T07:05:00+02:00,2026-09-02T07:10:00+02:00,0,0,3,158,4,0,0,0,6,8,0,0,0,0,0,0,2,0,1,0,0,11,0
2026-09-02T07:10:00+02:00,2026-09-02T07:15:00+02:00,0,0,3,184,0,0,0,0,9,13,1,0,0,0,0,0,1,0,2,0,0,17,0
2026-09-02T07:15:00+02:00,2026-09-02T07:20:00+02:00,0,0,2,182,3,0,0,0,10,8,0,0,0,0,0,0,0,0,1,0,0,16,0
2026-09-02T07:20:00+02:00,2026-09-02T07:25:00+02:00,0,0,5,171,0,0,0,0,5,9,4,0,0,0,0,0,0,0,2,0,0,10,0
2026-09-02T07:25:00+02:00,2026-09-02T07:30:00+02:00,0,0,9,169,2,0,0,0,6,13,0,0,0,0,0,0,0,0,0,0,0,12,0
2026-09-02T07:30:00+02:00,2026-09-02T07:35:00+02:00,0,0,10,198,1,0,0,0,4,15,3,0,0,0,0,0,0,0,0,0,0,6,0
2026-09-02T07:35:00+02:00,2026-09-02T07:40:00+02:00,0,0,9,225,0,0,0,0,7,12,1,0,0,0,0,0,0,0,1,0,0,11,0
2026-09-02T07:40:00+02:00,2026-09-02T07:45:00+02:00,0,0,6,227,0,0,0,0,8,19,0,0,0,0,0,0,0,0,0,0,0,6,0
2026-09-02T07:45:00+02:00,2026-09-02T07:50:00+02:00,0,0,4,200,0,0,0,0,5,14,1,0,0,0,0,0,0,0,2,0,0,10,0
2026-09-02T07:50:00+02:00,2026-09-02T07:55:00+02:00,0,0,3,207,4,0,0,0,10,11,0,0,0,0,0,0,5,0,2,0,0,13,0
2026-09-02T07:55:00+02:00,2026-09-02T08:00:00+02:00,0,0,1,188,0,0,0,0,6,12,1,0,0,0,0,0,1,0,1,0,0,17,0
2026-09-02T08:00:00+02:00,2026-09-02T08:05:00+02:00,0,0,7,183,3,0,0,0,8,10,0,0,0,0,0,0,0,0,1,0,0,4,0
2026-09-02T08:05:00+02:00,2026-09-02T08:10:00+02:00,0,0,2,135,4,0,0,0,8,16,3,0,0,0,0,0,3,0,7,0,0,10,0
2026-09-02T08:10:00+02:00,2026-09-02T08:15:00+02:00,0,0,3,162,2,0,0,0,7,19,4,0,0,0,0,0,2,0,3,0,0,15,0
2026-09-02T08:15:00+02:00,2026-09-02T08:20:00+02:00,0,0,0,162,1,0,0,0,11,22,0,0,0,0,0,0,2,0,2,0,0,12,0
2026-09-02T08:20:00+02:00,2026-09-02T08:25:00+02:00,0,0,0,148,2,0,0,0,9,15,0,0,0,0,0,0,0,0,1,0,0,14,0
2026-09-02T08:25:00+02:00,2026-09-02T08:30:00+02:00,0,0,2,147,0,0,0,0,4,7,1,0,0,0,0,0,1,0,1,0,0,20,0
2026-09-02T08:30:00+02:00,2026-09-02T08:35:00+02:00,0,0,2,148,6,0,0,0,11,14,1,0,0,0,0,0,1,0,1,0,0,12,0
2026-09-02T08:35:00+02:00,2026-09-02T08:40:00+02:00,0,0,3,163,2,0,0,0,12,12,2,0,0,0,0,0,1,0,1,0,0,11,0
2026-09-02T08:40:00+02:00,2026-09-02T08:45:00+02:00,0,0,4,174,3,0,0,0,13,10,0,0,0,0,0,0,3,0,0,0,0,13,0
2026-09-02T08:45:00+02:00,2026-09-02T08:50:00+02:00,0,0,4,150,1,0,0,0,14,18,0,0,0,0,0,0,0,0,1,0,0,12,0
2026-09-02T08:50:00+02:00,2026-09-02T08:55:00+02:00,0,0,1,150,2,0,0,0,9,10,0,0,0,0,0,0,2,0,2,0,0,16,0
2026-09-02T08:55:00+02:00,2026-09-02T09:00:00+02:00,0,0,3,169,2,0,0,0,4,13,4,0,0,0,0,0,2,0,5,0,0,19,0
2026-09-02T09:00:00+02:00,2026-09-02T09:05:00+02:00,0,0,0,113,1,0,0,0,17,12,0,0,0,0,0,0,1,0,2,0,0,11,0
2026-09-02T09:05:00+02:00,2026-09-02T09:10:00+02:00,0,0,4,165,0,0,0,0,20,18,1,0,0,0,0,0,2,0,3,0,0,17,0
2026-09-02T09:10:00+02:00,2026-09-02T09:15:00+02:00,0,0,1,119,4,0,0,0,8,15,0,0,0,0,0,0,0,0,0,0,0,5,0
2026-09-02T09:15:00+02:00,2026-09-02T09:20:00+02:00,0,0,3,158,3,0,0,0,11,16,0,0,0,0,0,0,0,0,0,0,0,10,0
2026-09-02T09:20:00+02:00,2026-09-02T09:25:00+02:00,0,0,1,163,3,0,0,0,7,15,5,0,0,0,0,0,1,0,2,0,0,14,0
2026-09-02T09:25:00+02:00,2026-09-02T09:30:00+02:00,0,0,0,178,3,0,0,0,11,9,5,0,0,0,0,0,4,0,3,0,0,15,0
2026-09-02T09:30:00+02:00,2026-09-02T09:35:00+02:00,0,0,3,156,1,0,0,0,12,10,1,0,0,0,0,0,0,0,1,0,0,8,0
2026-09-02T09:35:00+02:00,2026-09-02T09:40:00+02:00,0,0,3,134,1,0,0,0,15,17,1,0,0,0,0,0,0,0,0,0,0,14,0
2026-09-02T09:40:00+02:00,2026-09-02T09:45:00+02:00,0,0,2,208,2,0,0,0,10,23,1,0,0,0,0,0,1,0,1,0,0,5,0
2026-09-02T09:45:00+02:00,2026-09-02T09:50:00+02:00,0,0,1,169,2,0,0,0,9,14,1,0,0,0,0,0,1,0,4,0,0,16,0
2026-09-02T09:50:00+02:00,2026-09-02T09:55:00+02:00,0,0,0,185,5,0,0,0,10,5,0,0,0,0,0,0,0,0,0,0,0,17,0
2026-09-02T09:55:00+02:00,2026-09-02T10:00:00+02:00,0,0,0,174,4,1,0,0,8,10,0,0,0,0,0,0,0,0,0,0,0,7,0
2026-09-02T10:00:00+02:00,2026-09-02T10:05:00+02:00,0,0,4,150,2,0,0,0,15,25,1,0,0,0,0,0,3,0,3,0,0,16,0
2026-09-02T10:05:00+02:00,2026-09-02T10:10:00+02:00,0,0,1,182,4,0,0,0,9,10,3,0,0,0,0,0,0,0,0,0,0,18,0
2026-09-02T10:10:00+02:00,2026-09-02T10:15:00+02:00,0,0,3,177,5,0,0,0,11,11,10,0,0,0,0,0,1,0,1,0,0,12,0
2026-09-02T10:15:00+02:00,2026-09-02T10:20:00+02:00,0,0,1,183,4,0,0,0,9,11,3,0,0,0,0,0,0,0,0,0,0,23,0
2026-09-02T10:20:00+02:00,2026-09-02T10:25:00+02:00,0,0,4,155,3,0,0,0,9,12,1,0,0,0,0,0,0,0,0,0,0,12,0
2026-09-02T10:25:00+02:00,2026-09-02T10:30:00+02:00,0,0,6,176,1,0,0,0,9,13,3,0,0,0,0,0,3,0,4,0,0,19,0
2026-09-02T10:30:00+02:00,2026-09-02T10:35:00+02:00,0,0,3,187,0,0,0,0,17,22,1,0,0,0,0,0,1,0,3,0,0,5,0
2026-09-02T10:35:00+02:00,2026-09-02T10:40:00+02:00,0,0,0,192,5,0,0,0,6,5,1,0,0,0,0,0,0,0,0,0,0,19,0
2026-09-02T10:40:00+02:00,2026-09-02T10:45:00+02:00,0,0,1,163,3,0,0,0,5,6,0,0,0,0,0,0,2,0,1,0,0,10,0
2026-09-02T10:45:00+02:00,2026-09-02T10:50:00+02:00,0,0,1,148,1,0,0,0,16,12,1,0,0,0,0,0,1,0,2,0,0,16,0
2026-09-02T10:50:00+02:00,2026-09-02T10:55:00+02:00,0,0,2,170,1,0,0,0,10,5,0,0,0,0,0,0,3,0,3,0,0,17,0
2026-09-02T10:55:00+02:00,2026-09-02T11:00:00+02:00,0,0,5,155,5,0,0,0,18,22,2,0,0,0,0,0,1,0,3,0,0,21,0
2026-09-02T11:00:00+02:00,2026-09-02T11:05:00+02:00,0,0,2,165,3,0,0,0,15,12,2,0,0,0,0,0,2,0,1,0,0,16,0
2026-09-02T11:05:00+02:00,2026-09-02T11:10:00+02:00,0,0,3,183,4,0,0,0,13,18,0,0,0,0,0,0,0,0,0,0,0,11,0
2026-09-02T11:10:00+02:00,2026-09-02T11:15:00+02:00,0,0,2,144,0,0,0,0,7,9,0,0,0,0,0,0,0,0,1,0,0,13,0
2026-09-02T11:15:00+02:00,2026-09-02T11:20:00+02:00,0,0,0,162,1,0,0,0,15,17,5,0,0,0,0,0,2,0,3,0,0,15,0
2026-09-02T11:20:00+02:00,2026-09-02T11:25:00+02:00,0,0,0,171,1,0,0,0,12,15,1,0,0,0,0,0,1,0,2,0,0,21,0
2026-09-02T11:25:00+02:00,2026-09-02T11:30:00+02:00,0,0,0,175,1,0,0,0,15,12,1,0,0,0,0,0,0,0,0,0,0,15,0
2026-09-02T11:30:00+02:00,2026-09-02T11:35:00+02:00,0,0,0,185,1,0,0,0,9,5,3,0,0,0,0,0,0,0,0,0,0,11,0
2026-09-02T11:35:00+02:00,2026-09-02T11:40:00+02:00,0,0,1,178,0,0,0,0,4,6,3,0,0,0,0,0,0,0,0,0,0,9,0
2026-09-02T11:40:00+02:00,2026-09-02T11:45:00+02:00,0,0,4,183,1,0,0,0,8,10,1,0,0,0,0,0,1,0,2,0,0,16,0
2026-09-02T11:45:00+02:00,2026-09-02T11:50:00+02:00,0,0,1,169,1,0,0,0,7,15,0,0,0,0,0,0,0,0,0,0,0,21,0
2026-09-02T11:50:00+02:00,2026-09-02T11:55:00+02:00,0,0,3,172,1,0,0,0,7,9,6,0,0,0,0,0,0,0,0,0,0,14,0
2026-09-02T11:55:00+02:00,2026-09-02T12:00:00+02:00,0,0,3,182,5,0,0,0,12,6,2,0,0,0,0,0,0,0,0,0,0,17,0
2026-09-02T12:00:00+02:00,2026-09-02T12:05:00+02:00,0,0,5,177,4,0,0,0,7,21,3,0,0,0,0,0,0,0,0,0,0,12,0
2026-09-02T12:05:00+02:00,2026-09-02T12:10:00+02:00,0,0,3,185,0,0,0,0,10,9,1,0,0,0,0,0,0,0,0,0,0,9,0
2026-09-02T12:10:00+02:00,2026-09-02T12:15:00+02:00,0,0,7,163,4,0,0,0,11,8,0,0,0,0,0,0,0,0,0,0,0,9,0
2026-09-02T12:15:00+02:00,2026-09-02T12:20:00+02:00,0,0,6,179,3,0,0,0,18,15,2,0,0,0,0,0,0,0,0,0,0,13,0
2026-09-02T12:20:00+02:00,2026-09-02T12:25:00+02:00,0,0,3,174,1,0,0,0,20,11,5,0,0,0,0,0,2,0,2,0,0,21,0
2026-09-02T12:25:00+02:00,2026-09-02T12:30:00+02:00,0,0,1,174,2,0,0,0,19,16,2,0,0,0,0,0,1,0,2,0,0,12,0
2026-09-02T12:30:00+02:00,2026-09-02T12:35:00+02:00,0,0,2,160,0,0,0,0,6,5,2,0,0,0,0,0,0,0,0,0,0,13,0
2026-09-02T12:35:00+02:00,2026-09-02T12:40:00+02:00,0,0,0,159,5,0,0,0,10,12,1,0,0,0,0,0,0,0,2,0,0,16,0
2026-09-02T12:40:00+02:00,2026-09-02T12:45:00+02:00,0,0,5,144,0,0,0,0,10,17,0,0,0,0,0,0,0,0,1,0,0,10,0
2026-09-02T12:45:00+02:00,2026-09-02T12:50:00+02:00,0,0,4,200,2,0,0,0,11,16,2,0,0,0,0,0,0,0,3,0,0,8,0
2026-09-02T12:50:00+02:00,2026-09-02T12:55:00+02:00,0,0,2,173,0,0,0,0,6,14,1,0,0,0,0,0,0,0,0,0,0,14,0
2026-09-02T12:55:00+02:00,2026-09-02T13:00:00+02:00,0,0,1,178,4,0,0,0,8,8,8,0,0,0,0,0,0,0,0,0,0,15,0
2026-09-02T13:00:00+02:00,2026-09-02T13:05:00+02:00,0,0,3,169,2,0,0,0,8,14,13,0,0,0,0,0,3,0,3,0,0,12,0
2026-09-02T13:05:00+02:00,2026-09-02T13:10:00+02:00,0,0,1,156,1,0,0,0,18,19,2,0,0,0,0,0,1,0,2,0,0,25,0
2026-09-02T13:10:00+02:00,2026-09-02T13:15:00+02:00,0,0,8,178,8,0,0,0,8,13,3,0,0,0,0,0,0,0,2,0,0,12,0
2026-09-02T13:15:00+02:00,2026-09-02T13:20:00+02:00,0,0,1,171,0,0,0,0,5,8,0,0,0,0,0,0,2,0,2,0,0,10,0
2026-09-02T13:20:00+02:00,2026-09-02T13:25:00+02:00,0,0,2,139,3,0,0,0,9,11,4,0,0,0,0,0,3,0,2,0,0,14,0
2026-09-02T13:25:00+02:00,2026-09-02T13:30:00+02:00,0,0,2,176,4,0,0,0,12,15,5,0,0,0,0,0,2,0,1,0,0,7,0
2026-09-02T13:30:00+02:00,2026-09-02T13:35:00+02:00,0,0,4,165,0,0,0,0,17,13,1,0,0,0,0,0,0,0,0,0,0,21,0
2026-09-02T13:35:00+02:00,2026-09-02T13:40:00+02:00,0,0,2,193,3,0,0,0,13,10,4,0,0,0,0,0,1,0,2,0,0,12,0
2026-09-02T13:40:00+02:00,2026-09-02T13:45:00+02:00,0,0,5,150,0,0,0,0,13,8,3,0,0,0,0,0,2,0,1,0,0,13,0
2026-09-02T13:45:00+02:00,2026-09-02T13:50:00+02:00,0,0,2,204,2,0,0,0,17,21,4,0,0,0,0,0,0,0,0,0,0,7,0
2026-09-02T13:50:00+02:00,2026-09-02T13:55:00+02:00,0,0,0,172,2,0,0,0,12,8,4,0,0,0,0,0,0,0,0,0,0,13,0
2026-09-02T13:55:00+02:00,2026-09-02T14:00:00+02:00,0,0,5,155,0,0,0,0,10,6,8,0,0,0,0,0,1,0,2,0,0,13,0
2026-09-02T14:00:00+02:00,2026-09-02T14:05:00+02:00,0,0,1,174,7,0,0,0,10,20,2,0,0,0,0,0,0,0,3,0,0,14,0
2026-09-02T14:05:00+02:00,2026-09-02T14:10:00+02:00,0,0,1,205,0,0,0,0,9,10,2,0,0,0,0,0,0,0,0,0,0,6,0
2026-09-02T14:10:00+02:00,2026-09-02T14:15:00+02:00,0,0,5,192,0,0,0,0,5,9,6,0,0,0,0,0,0,0,0,0,0,7,0
2026-09-02T14:15:00+02:00,2026-09-02T14:20:00+02:00,0,0,2,207,2,0,0,0,13,9,3,0,0,0,0,0,0,0,1,0,0,9,0
2026-09-02T14:20:00+02:00,2026-09-02T14:25:00+02:00,0,0,2,171,0,0,0,0,16,13,3,0,0,0,0,0,0,0,1,0,0,14,0
2026-09-02T14:25:00+02:00,2026-09-02T14:30:00+02:00,0,0,0,186,2,0,0,0,16,12,7,0,0,0,0,0,0,0,0,0,0,19,0
2026-09-02T14:30:00+02:00,2026-09-02T14:35:00+02:00,0,0,8,184,0,0,0,0,7,4,1,0,0,0,0,0,0,0,1,0,0,9,0
2026-09-02T14:35:00+02:00,2026-09-02T14:40:00+02:00,0,0,2,189,1,0,0,0,7,6,4,0,0,0,0,0,1,0,1,0,0,4,0
2026-09-02T14:40:00+02:00,2026-09-02T14:45:00+02:00,0,0,6,194,1,0,0,0,9,7,6,0,0,0,0,0,0,0,1,0,0,18,0
2026-09-02T14:45:00+02:00,2026-09-02T14:50:00+02:00,0,0,1,221,3,0,0,0,6,11,0,0,0,0,0,0,0,0,1,0,0,8,0
2026-09-02T14:50:00+02:00,2026-09-02T14:55:00+02:00,0,0,3,241,2,0,0,0,7,4,1,0,0,0,0,0,0,0,0,0,0,12,0
2026-09-02T14:55:00+02:00,2026-09-02T15:00:00+02:00,0,0,1,201,0,0,0,0,11,6,3,0,0,0,0,0,0,0,0,0,0,13,0
2026-09-02T15:00:00+02:00,2026-09-02T15:05:00+02:00,0,0,6,203,1,0,0,0,8,4,6,0,0,0,0,0,0,0,0,0,0,12,0
2026-09-02T15:05:00+02:00,2026-09-02T15:10:00+02:00,0,0,3,201,0,0,0,0,6,3,1,0,0,0,0,0,0,0,0,0,0,15,0
2026-09-02T15:10:00+02:00,2026-09-02T15:15:00+02:00,0,0,3,199,0,0,0,0,6,5,2,0,0,0,0,0,0,0,0,0,0,13,0
2026-09-02T15:15:00+02:00,2026-09-02T15:20:00+02:00,0,0,1,199,5,0,0,0,7,6,5,0,0,0,0,0,0,0,0,0,0,16,0
2026-09-02T15:20:00+02:00,2026-09-02T15:25:00+02:00,0,0,3,163,3,0,0,0,10,6,14,0,0,0,0,0,0,0,1,0,0,15,0
2026-09-02T15:25:00+02:00,2026-09-02T15:30:00+02:00,0,0,1,213,2,0,0,0,6,8,10,0,0,0,0,0,0,0,1,0,0,10,0
2026-09-02T15:30:00+02:00,2026-09-02T15:35:00+02:00,0,0,5,192,1,0,0,0,4,5,3,0,0,0,0,0,0,0,0,0,0,13,0
2026-09-02T15:35:00+02:00,2026-09-02T15:40:00+02:00,0,0,7,174,0,0,0,0,6,3,2,0,0,0,0,0,1,0,0,0,0,9,0
2026-09-02T15:40:00+02:00,2026-09-02T15:45:00+02:00,0,0,5,196,1,1,0,0,9,17,3,0,0,0,0,0,1,0,1,0,0,12,0
2026-09-02T15:45:00+02:00,2026-09-02T15:50:00+02:00,0,0,5,192,0,0,0,0,6,4,13,0,0,0,0,0,0,0,0,0,0,14,0
2026-09-02T15:50:00+02:00,2026-09-02T15:55:00+02:00,0,0,2,195,0,0,0,0,6,4,6,0,0,0,0,0,1,0,0,0,0,13,0
2026-09-02T15:55:00+02:00,2026-09-02T16:00:00+02:00,0,0,3,154,0,0,0,0,9,7,12,0,0,0,0,0,0,0,0,0,0,9,0
2026-09-02T16:00:00+02:00,2026-09-02T16:05:00+02:00,0,0,4,196,1,1,0,0,6,7,8,0,0,0,0,0,0,0,0,0,0,12,0
2026-09-02T16:05:00+02:00,2026-09-02T16:10:00+02:00,0,0,1,215,2,0,0,0,7,6,4,0,0,0,0,0,0,0,0,0,0,12,0
2026-09-02T16:10:00+02:00,2026-09-02T16:15:00+02:00,0,0,5,208,0,0,0,0,7,2,11,0,0,0,0,0,0,0,0,0,0,10,0
2026-09-02T16:15:00+02:00,2026-09-02T16:20:00+02:00,0,0,1,200,0,0,0,0,6,4,3,0,0,0,0,0,1,0,0,0,0,6,0
2026-09-02T16:20:00+02:00,2026-09-02T16:25:00+02:00,0,0,4,183,1,0,0,0,3,5,3,0,0,0,0,0,0,0,0,0,0,13,0
2026-09-02T16:25:00+02:00,2026-09-02T16:30:00+02:00,0,0,1,152,6,0,0,0,8,6,0,0,0,0,0,0,2,0,0,0,0,11,0
2026-09-02T16:30:00+02:00,2026-09-02T16:35:00+02:00,0,0,4,190,4,0,0,0,16,3,2,0,0,0,0,0,0,0,0,0,0,11,0
2026-09-02T16:35:00+02:00,2026-09-02T16:40:00+02:00,0,0,5,204,0,0,0,0,3,2,2,0,0,0,0,0,0,0,0,0,0,7,0
2026-09-02T16:40:00+02:00,2026-09-02T16:45:00+02:00,0,0,2,203,0,0,0,0,1,1,3,0,0,0,0,0,0,0,1,0,0,8,0
2026-09-02T16:45:00+02:00,2026-09-02T16:50:00+02:00,0,0,5,177,0,0,0,0,5,5,2,0,0,0,0,0,0,0,0,0,0,14,0
2026-09-02T16:50:00+02:00,2026-09-02T16:55:00+02:00,0,0,2,211,2,0,0,0,5,8,3,0,0,0,0,0,0,0,0,0,0,8,0
2026-09-02T16:55:00+02:00,2026-09-02T17:00:00+02:00,0,0,5,164,0,0,0,0,4,1,2,0,0,0,0,0,0,0,0,0,0,10,0
2026-09-02T17:00:00+02:00,2026-09-02T17:05:00+02:00,0,0,3,175,1,0,0,0,18,10,3,0,0,0,0,0,2,0,1,0,0,5,0
2026-09-02T17:05:00+02:00,2026-09-02T17:10:00+02:00,0,0,3,208,0,0,0,0,3,3,5,0,0,0,0,0,0,0,0,0,0,3,0
2026-09-02T17:10:00+02:00,2026-09-02T17:15:00+02:00,0,0,6,175,0,0,0,0,18,6,8,0,0,0,0,0,0,0,1,0,0,4,0
2026-09-02T17:15:00+02:00,2026-09-02T17:20:00+02:00,0,0,2,196,1,0,0,0,4,6,2,0,0,0,0,0,0,0,0,0,0,3,0
2026-09-02T17:20:00+02:00,2026-09-02T17:25:00+02:00,0,0,1,184,0,0,0,0,5,3,1,0,0,0,0,0,0,0,0,0,0,6,0
2026-09-02T17:25:00+02:00,2026-09-02T17:30:00+02:00,0,0,1,178,0,0,0,0,5,8,2,0,0,0,0,0,0,0,0,0,0,4,0
2026-09-02T17:30:00+02:00,2026-09-02T17:35:00+02:00,0,0,3,154,0,0,0,0,4,3,2,0,0,0,0,0,0,0,0,0,0,2,0
2026-09-02T17:35:00+02:00,2026-09-02T17:40:00+02:00,0,0,1,154,2,0,0,0,7,3,1,0,0,0,0,0,0,0,0,0,0,4,0
2026-09-02T17:40:00+02:00,2026-09-02T17:45:00+02:00,0,0,2,142,0,0,0,0,6,3,6,0,0,0,0,0,1,0,1,0,0,3,0
2026-09-02T17:45:00+02:00,2026-09-02T17:50:00+02:00,0,0,2,162,4,0,0,0,10,6,6,0,0,0,0,0,1,0,0,0,0,10,0
2026-09-02T17:50:00+02:00,2026-09-02T17:55:00+02:00,0,0,3,145,0,0,0,0,6,8,4,0,0,0,0,0,0,0,1,0,0,5,0
2026-09-02T17:55:00+02:00,2026-09-02T18:00:00+02:00,0,0,3,140,0,0,0,0,6,6,1,0,0,0,0,0,0,0,0,0,0,2,0
2026-09-02T18:00:00+02:00,2026-09-02T18:05:00+02:00,0,0,1,141,2,0,0,0,1,7,4,0,0,0,0,0,0,0,1,0,0,10,0
2026-09-02T18:05:00+02:00,2026-09-02T18:10:00+02:00,0,0,3,131,1,0,0,0,2,2,1,0,0,0,0,0,0,0,1,0,0,11,0
2026-09-02T18:10:00+02:00,2026-09-02T18:15:00+02:00,0,0,5,141,0,0,0,0,3,4,2,0,0,0,0,0,0,0,1,0,0,6,0
2026-09-02T18:15:00+02:00,2026-09-02T18:20:00+02:00,0,0,2,133,1,0,0,0,4,4,1,0,0,0,0,0,0,0,0,0,0,3,0
2026-09-02T18:20:00+02:00,2026-09-02T18:25:00+02:00,0,0,2,140,1,0,0,0,11,2,2,0,0,0,0,0,3,0,0,0,0,9,0
2026-09-02T18:25:00+02:00,2026-09-02T18:30:00+02:00,0,0,2,125,1,0,0,0,4,1,3,0,0,0,0,0,0,0,0,0,0,7,0
2026-09-02T18:30:00+02:00,2026-09-02T18:35:00+02:00,0,0,1,125,5,0,0,0,6,3,1,0,0,0,0,0,0,0,0,0,0,2,0
2026-09-02T18:35:00+02:00,2026-09-02T18:40:00+02:00,0,0,0,103,0,0,0,0,6,2,1,0,0,0,0,0,0,0,2,0,0,3,0
2026-09-02T18:40:00+02:00,2026-09-02T18:45:00+02:00,0,0,2,135,1,0,0,0,7,4,4,0,0,0,0,0,0,0,2,0,0,6,0
2026-09-02T18:45:00+02:00,2026-09-02T18:50:00+02:00,0,0,1,123,1,0,0,0,0,5,1,0,0,0,0,0,0,0,0,0,0,4,0
2026-09-02T18:50:00+02:00,2026-09-02T18:55:00+02:00,0,0,3,141,2,0,0,0,4,7,3,0,0,0,0,0,0,0,0,0,0,8,0
2026-09-02T18:55:00+02:00,2026-09-02T19:00:00+02:00,0,0,1,124,0,0,0,0,5,0,3,0,0,0,0,0,0,0,0,0,0,6,0
2026-09-02T19:00:00+02:00,2026-09-02T19:05:00+02:00,0,0,3,120,2,0,0,0,1,1,4,0,0,0,0,0,0,0,1,0,0,2,0
2026-09-02T19:05:00+02:00,2026-09-02T19:10:00+02:00,0,0,3,125,4,0,0,0,2,1,7,0,0,0,0,0,0,0,0,0,0,4,0
2026-09-02T19:10:00+02:00,2026-09-02T19:15:00+02:00,0,0,0,124,0,0,0,0,5,0,2,0,0,0,0,0,0,0,0,0,0,3,0
2026-09-02T19:15:00+02:00,2026-09-02T19:20:00+02:00,0,0,0,104,0,0,0,0,3,0,1,0,0,0,0,0,0,0,0,0,0,7,0
2026-09-02T19:20:00+02:00,2026-09-02T19:25:00+02:00,0,0,2,103,0,0,0,0,8,3,0,0,0,0,0,0,0,0,0,0,0,3,0
2026-09-02T19:25:00+02:00,2026-09-02T19:30:00+02:00,0,0,1,101,1,0,0,0,2,3,4,0,0,0,0,0,0,0,0,0,0,0,0
2026-09-02T19:30:00+02:00,2026-09-02T19:35:00+02:00,0,0,1,83,0,0,0,0,3,2,2,0,0,0,0,0,0,0,0,0,0,3,0
2026-09-02T19:35:00+02:00,2026-09-02T19:40:00+02:00,0,0,2,119,0,0,0,0,1,3,0,0,0,0,0,0,0,0,1,0,0,2,0
2026-09-02T19:40:00+02:00,2026-09-02T19:45:00+02:00,0,0,1,109,0,0,0,0,4,2,4,0,0,0,0,0,2,0,0,0,0,0,0
2026-09-02T19:45:00+02:00,2026-09-02T19:50:00+02:00,0,0,0,94,1,0,0,0,3,3,2,0,0,0,0,0,0,0,0,0,0,1,0
2026-09-02T19:50:00+02:00,2026-09-02T19:55:00+02:00,0,0,1,82,1,0,0,0,5,1,1,0,0,0,0,0,0,0,0,0,0,3,0
2026-09-02T19:55:00+02:00,2026-09-02T20:00:00+02:00,0,0,2,105,0,0,0,0,0,0,1,0,0,0,0,0,0,0,0,0,0,6,0
2026-09-02T20:00:00+02:00,2026-09-02T20:05:00+02:00,0,0,0,91,2,0,0,0,2,1,1,0,0,0,0,0,0,0,0,0,0,4,0
2026-09-02T20:05:00+02:00,2026-09-02T20:10:00+02:00,0,0,2,104,0,0,0,0,2,3,2,0,0,0,0,0,0,0,2,0,0,4,0
2026-09-02T20:10:00+02:00,2026-09-02T20:15:00+02:00,0,0,7,95,1,0,0,0,3,0,1,0,0,0,0,0,2,0,1,0,0,4,0
2026-09-02T20:15:00+02:00,2026-09-02T20:20:00+02:00,0,0,5,119,0,0,0,0,2,2,0,0,0,0,0,0,0,0,0,0,0,1,0
2026-09-02T20:20:00+02:00,2026-09-02T20:25:00+02:00,0,0,1,99,0,0,0,0,3,2,2,0,0,0,0,0,2,0,0,0,0,3,0
2026-09-02T20:25:00+02:00,2026-09-02T20:30:00+02:00,0,0,2,85,0,0,0,0,4,2,0,0,0,0,0,0,0,0,0,0,0,1,0
2026-09-02T20:30:00+02:00,2026-09-02T20:35:00+02:00,0,0,2,65,1,0,0,0,9,2,1,0,0,0,0,0,0,0,1,0,0,2,0
2026-09-02T20:35:00+02:00,2026-09-02T20:40:00+02:00,0,0,0,63,0,0,0,0,2,0,0,0,0,0,0,0,0,0,0,0,0,4,0
2026-09-02T20:40:00+02:00,2026-09-02T20:45:00+02:00,0,0,0,67,0,0,0,0,1,0,0,0,0,0,0,0,0,0,0,0,0,0,0
2026-09-02T20:45:00+02:00,2026-09-02T20:50:00+02:00,0,0,2,60,0,1,0,0,2,0,0,0,0,0,0,0,0,0,0,0,0,5,0
2026-09-02T20:50:00+02:00,2026-09-02T20:55:00+02:00,0,0,6,50,0,0,0,0,1,0,2,0,0,0,0,0,0,0,0,0,0,1,0
2026-09-02T20:55:00+02:00,2026-09-02T21:00:00+02:00,0,0,0,48,0,0,0,0,6,1,0,0,0,0,0,0,0,0,0,0,0,4,0
2026-09-02T21:00:00+02:00,2026-09-02T21:05:00+02:00,0,0,0,57,0,0,0,0,4,2,1,0,0,0,0,0,0,0,1,0,0,3,0
2026-09-02T21:05:00+02:00,2026-09-02T21:10:00+02:00,0,0,0,55,0,0,0,0,5,3,0,0,0,0,0,0,2,0,1,0,0,2,0
2026-09-02T21:10:00+02:00,2026-09-02T21:15:00+02:00,0,0,2,43,0,0,0,0,5,0,0,0,0,0,0,0,0,0,0,0,0,1,0
2026-09-02T21:15:00+02:00,2026-09-02T21:20:00+02:00,0,0,4,43,0,0,0,0,1,1,0,0,0,0,0,0,0,0,0,0,0,1,0
2026-09-02T21:20:00+02:00,2026-09-02T21:25:00+02:00,0,0,2,41,0,0,0,0,0,3,0,0,0,0,0,0,0,0,0,0,0,2,0
2026-09-02T21:25:00+02:00,2026-09-02T21:30:00+02:00,0,0,3,28,0,0,0,0,2,4,0,0,0,0,0,0,0,0,0,0,0,0,0
2026-09-02T21:30:00+02:00,2026-09-02T21:35:00+02:00,0,0,2,33,0,0,0,0,0,0,1,0,0,0,0,0,0,0,0,0,0,0,0
2026-09-02T21:35:00+02:00,2026-09-02T21:40:00+02:00,0,0,2,43,0,0,0,0,1,2,0,0,0,0,0,0,0,0,0,0,0,1,0
2026-09-02T21:40:00+02:00,2026-09-02T21:45:00+02:00,0,0,0,30,0,0,0,0,2,0,0,0,0,0,0,0,0,0,0,0,0,0,0
2026-09-02T21:45:00+02:00,2026-09-02T21:50:00+02:00,0,0,2,42,2,0,0,0,0,0,0,0,0,0,0,0,0,0,0,0,0,0,0
2026-09-02T21:50:00+02:00,2026-09-02T21:55:00+02:00,0,0,0,29,0,0,0,0,1,0,0,0,0,0,0,0,0,0,0,0,0,0,0
2026-09-02T21:55:00+02:00,2026-09-02T22:00:00+02:00,0,0,1,19,0,0,0,0,0,1,0,0,0,0,0,0,0,0,0,0,0,2,0
2026-09-02T22:00:00+02:00,2026-09-02T22:05:00+02:00,0,0,0,48,0,0,0,0,5,0,0,0,0,0,0,0,0,0,0,0,0,0,0
2026-09-02T22:05:00+02:00,2026-09-02T22:10:00+02:00,0,0,0,83,0,0,0,0,1,0,0,0,0,0,0,0,0,0,0,0,0,1,0
2026-09-02T22:10:00+02:00,2026-09-02T22:15:00+02:00,0,0,2,50,1,0,0,0,5,2,0,0,0,0,0,0,0,0,0,0,0,1,0
2026-09-02T22:15:00+02:00,2026-09-02T22:20:00+02:00,0,0,2,51,0,0,0,0,3,0,0,0,0,0,0,0,0,0,0,0,0,0,0
2026-09-02T22:20:00+02:00,2026-09-02T22:25:00+02:00,0,0,0,26,0,0,0,0,2,0,1,0,0,0,0,0,0,0,0,0,0,1,0
2026-09-02T22:25:00+02:00,2026-09-02T22:30:00+02:00,0,0,1,28,0,0,0,0,0,0,0,0,0,0,0,0,0,0,0,0,0,0,0
2026-09-02T22:30:00+02:00,2026-09-02T22:35:00+02:00,0,0,0,26,0,0,0,0,3,0,0,0,0,0,0,0,0,0,0,0,0,1,0
2026-09-02T22:35:00+02:00,2026-09-02T22:40:00+02:00,0,0,0,30,0,0,0,0,1,0,0,0,0,0,0,0,0,0,0,0,0,1,0
2026-09-02T22:40:00+02:00,2026-09-02T22:45:00+02:00,0,0,0,16,0,0,0,0,0,0,0,0,0,0,0,0,0,0,0,0,0,1,0
2026-09-02T22:45:00+02:00,2026-09-02T22:50:00+02:00,0,0,0,18,0,0,0,0,1,0,0,0,0,0,0,0,0,0,0,0,0,0,0
2026-09-02T22:50:00+02:00,2026-09-02T22:55:00+02:00,0,0,0,30,0,0,0,0,2,1,0,0,0,0,0,0,0,0,0,0,0,0,0
2026-09-02T22:55:00+02:00,2026-09-02T23:00:00+02:00,0,0,0,19,1,0,0,0,1,4,0,0,0,0,0,0,0,0,0,0,0,0,0
2026-09-02T23:00:00+02:00,2026-09-02T23:05:00+02:00,0,0,0,22,0,0,0,0,4,0,0,0,0,0,0,0,0,0,0,0,0,0,0
2026-09-02T23:05:00+02:00,2026-09-02T23:10:00+02:00,0,0,0,18,1,0,0,0,1,1,0,0,0,0,0,0,0,0,0,0,0,2,0
2026-09-02T23:10:00+02:00,2026-09-02T23:15:00+02:00,0,0,1,16,0,0,0,0,4,0,0,0,0,0,0,0,0,0,0,0,0,0,0
2026-09-02T23:15:00+02:00,2026-09-02T23:20:00+02:00,0,0,1,11,0,0,0,0,0,1,0,0,0,0,0,0,0,0,0,0,0,0,0
2026-09-02T23:20:00+02:00,2026-09-02T23:25:00+02:00,0,0,1,15,0,0,0,0,0,0,0,0,0,0,0,0,0,0,0,0,0,0,0
2026-09-02T23:25:00+02:00,2026-09-02T23:30:00+02:00,0,0,5,15,0,0,0,0,1,0,0,0,0,0,0,0,0,0,0,0,0,0,0
2026-09-02T23:30:00+02:00,2026-09-02T23:35:00+02:00,0,0,2,15,0,0,0,0,1,0,0,0,0,0,0,0,0,0,0,0,0,0,0
2026-09-02T23:35:00+02:00,2026-09-02T23:40:00+02:00,0,0,1,8,0,0,0,0,3,2,0,0,0,0,0,0,0,0,0,0,0,1,0
2026-09-02T23:40:00+02:00,2026-09-02T23:45:00+02:00,0,0,1,14,0,0,0,0,0,0,0,0,0,0,0,0,0,0,0,0,0,1,0
2026-09-02T23:45:00+02:00,2026-09-02T23:50:00+02:00,0,0,0,12,2,0,0,0,2,2,0,0,0,0,0,0,0,0,0,0,0,0,0
2026-09-02T23:50:00+02:00,2026-09-02T23:55:00+02:00,0,0,0,16,0,0,0,0,1,1,0,0,0,0,0,0,0,0,1,0,0,1,0
2026-09-02T23:55:00+02:00,2026-09-03T00:00:00+02:00,0,0,1,8,0,0,0,0,1,0,0,0,0,0,0,0,0,0,0,0,0,2,0
2026-09-03T00:00:00+02:00,2026-09-03T00:05:00+02:00,0,0,0,8,0,0,0,0,2,0,0,0,0,0,0,0,0,0,0,0,0,0,0
2026-09-03T00:05:00+02:00,2026-09-03T00:10:00+02:00,0,0,0,7,2,0,0,0,2,2,0,0,0,0,0,0,0,0,0,0,0,0,0
2026-09-03T00:10:00+02:00,2026-09-03T00:15:00+02:00,0,0,0,8,0,0,0,0,2,0,0,0,0,0,0,0,0,0,0,0,0,0,0
2026-09-03T00:15:00+02:00,2026-09-03T00:20:00+02:00,0,0,0,11,0,0,0,0,1,0,0,0,0,0,0,0,0,0,0,0,0,0,0
2026-09-03T00:20:00+02:00,2026-09-03T00:25:00+02:00,0,0,0,6,0,0,0,0,0,2,0,0,0,0,0,0,0,0,0,0,0,0,0
2026-09-03T00:25:00+02:00,2026-09-03T00:30:00+02:00,0,0,0,7,0,0,0,0,0,0,0,0,0,0,0,0,0,0,0,0,0,0,0
2026-09-03T00:30:00+02:00,2026-09-03T00:35:00+02:00,0,0,0,2,0,0,0,0,3,0,0,0,0,0,0,0,0,0,0,0,0,4,0
2026-09-03T00:35:00+02:00,2026-09-03T00:40:00+02:00,0,0,0,0,0,0,0,0,2,2,0,0,0,0,0,0,0,0,0,0,0,1,0
2026-09-03T00:40:00+02:00,2026-09-03T00:45:00+02:00,0,0,0,8,0,0,0,0,0,1,0,0,0,0,0,0,0,0,0,0,0,0,0
2026-09-03T00:45:00+02:00,2026-09-03T00:50:00+02:00,0,0,0,14,0,0,0,0,1,1,0,0,0,0,0,0,0,0,0,0,0,0,0
2026-09-03T00:50:00+02:00,2026-09-03T00:55:00+02:00,0,0,0,6,0,0,0,0,0,1,0,0,0,0,0,0,0,0,0,0,0,0,0
2026-09-03T00:55:00+02:00,2026-09-03T01:00:00+02:00,0,0,0,7,0,0,0,0,3,0,0,0,0,0,0,0,0,0,0,0,0,1,0
2026-09-03T01:00:00+02:00,2026-09-03T01:05:00+02:00,0,0,0,4,0,0,0,0,3,1,0,0,0,0,0,0,0,0,0,0,0,0,0
2026-09-03T01:05:00+02:00,2026-09-03T01:10:00+02:00,0,0,0,4,2,0,0,0,1,0,0,0,0,0,0,0,0,0,0,0,0,2,0
2026-09-03T01:10:00+02:00,2026-09-03T01:15:00+02:00,0,0,0,5,0,0,0,0,2,0,0,0,0,0,0,0,0,0,0,0,0,0,0
2026-09-03T01:15:00+02:00,2026-09-03T01:20:00+02:00,0,0,0,3,0,0,0,0,0,0,0,0,0,0,0,0,0,0,0,0,0,0,0
2026-09-03T01:20:00+02:00,2026-09-03T01:25:00+02:00,0,0,0,5,1,0,0,0,1,2,0,0,0,0,0,0,0,0,0,0,0,1,0
2026-09-03T01:25:00+02:00,2026-09-03T01:30:00+02:00,0,0,0,5,0,0,0,0,3,2,0,0,0,0,0,0,0,0,0,0,0,0,0
2026-09-03T01:30:00+02:00,2026-09-03T01:35:00+02:00,0,0,0,4,0,0,0,0,3,0,0,0,0,0,0,0,0,0,0,0,0,0,0
2026-09-03T01:35:00+02:00,2026-09-03T01:40:00+02:00,0,0,0,4,0,0,0,0,0,0,0,0,0,0,0,0,0,0,0,0,0,2,0
2026-09-03T01:40:00+02:00,2026-09-03T01:45:00+02:00,0,0,0,5,0,0,0,0,0,1,0,0,0,0,0,0,0,0,1,0,0,0,0
2026-09-03T01:45:00+02:00,2026-09-03T01:50:00+02:00,0,0,0,6,0,0,0,0,2,0,0,0,0,0,0,0,0,0,0,0,0,0,0
2026-09-03T01:50:00+02:00,2026-09-03T01:55:00+02:00,0,0,0,0,0,0,0,0,2,2,0,0,0,0,0,0,0,0,0,0,0,1,0
2026-09-03T01:55:00+02:00,2026-09-03T02:00:00+02:00,0,0,0,3,0,0,0,0,1,1,0,0,0,0,0,0,0,0,0,0,0,0,0
2026-09-03T02:00:00+02:00,2026-09-03T02:05:00+02:00,0,0,0,5,0,0,0,0,2,5,0,0,0,0,0,0,0,0,0,0,0,1,0
2026-09-03T02:05:00+02:00,2026-09-03T02:10:00+02:00,0,0,0,5,0,0,0,0,3,3,0,0,0,0,0,0,0,0,0,0,0,2,0
2026-09-03T02:10:00+02:00,2026-09-03T02:15:00+02:00,0,0,0,2,0,0,0,0,0,0,0,0,0,0,0,0,0,0,0,0,0,1,0
2026-09-03T02:15:00+02:00,2026-09-03T02:20:00+02:00,0,0,0,4,0,0,0,0,0,1,0,0,0,0,0,0,0,0,0,0,0,0,0
2026-09-03T02:20:00+02:00,2026-09-03T02:25:00+02:00,0,0,0,6,0,0,0,0,5,0,1,0,0,0,0,0,0,0,0,0,0,0,0
2026-09-03T02:25:00+02:00,2026-09-03T02:30:00+02:00,0,0,0,10,0,0,0,0,1,1,0,0,0,0,0,0,0,0,0,0,0,1,0
2026-09-03T02:30:00+02:00,2026-09-03T02:35:00+02:00,0,0,0,3,0,0,0,0,3,0,0,0,0,0,0,0,0,0,0,0,0,2,0
2026-09-03T02:35:00+02:00,2026-09-03T02:40:00+02:00,0,0,0,0,0,0,0,0,2,1,0,0,0,0,0,0,0,0,0,0,0,0,0
2026-09-03T02:40:00+02:00,2026-09-03T02:45:00+02:00,0,0,0,2,0,0,0,0,0,1,0,0,0,0,0,0,0,0,0,0,0,0,0
2026-09-03T02:45:00+02:00,2026-09-03T02:50:00+02:00,0,0,0,4,0,0,0,0,1,2,0,0,0,0,0,0,0,0,0,0,0,0,0
2026-09-03T02:50:00+02:00,2026-09-03T02:55:00+02:00,0,0,0,6,0,0,0,0,2,2,0,0,0,0,0,0,0,0,0,0,0,0,0
2026-09-03T02:55:00+02:00,2026-09-03T03:00:00+02:00,0,0,0,3,0,0,0,0,1,3,0,0,0,0,0,0,0,0,0,0,0,1,0
2026-09-03T03:00:00+02:00,2026-09-03T03:05:00+02:00,0,0,0,4,0,0,0,0,1,0,0,0,0,0,0,0,0,0,0,0,0,1,0
2026-09-03T03:05:00+02:00,2026-09-03T03:10:00+02:00,0,0,0,3,0,0,0,0,2,2,0,0,0,0,0,0,0,0,0,0,0,0,0
2026-09-03T03:10:00+02:00,2026-09-03T03:15:00+02:00,0,0,0,5,0,0,0,0,5,3,0,0,0,0,0,0,0,0,0,0,0,0,0
2026-09-03T03:15:00+02:00,2026-09-03T03:20:00+02:00,0,0,0,3,0,0,0,0,2,2,0,0,0,0,0,0,0,0,0,0,0,1,0
2026-09-03T03:20:00+02:00,2026-09-03T03:25:00+02:00,0,0,0,6,0,0,0,0,1,1,0,0,0,0,0,0,0,0,0,0,0,0,0
2026-09-03T03:25:00+02:00,2026-09-03T03:30:00+02:00,0,0,0,7,0,0,0,0,2,1,0,0,0,0,0,0,0,0,0,0,0,1,0
2026-09-03T03:30:00+02:00,2026-09-03T03:35:00+02:00,0,0,0,4,0,0,0,0,2,3,0,0,0,0,0,0,0,0,0,0,0,0,0
2026-09-03T03:35:00+02:00,2026-09-03T03:40:00+02:00,0,0,2,4,0,0,0,0,2,1,0,0,0,0,0,0,0,0,0,0,0,0,0
2026-09-03T03:40:00+02:00,2026-09-03T03:45:00+02:00,0,0,0,8,0,0,0,0,2,0,0,0,0,0,0,0,0,0,0,0,0,0,0
2026-09-03T03:45:00+02:00,2026-09-03T03:50:00+02:00,0,0,0,7,0,0,0,0,7,0,0,0,0,0,0,0,0,0,0,0,0,0,0
2026-09-03T03:50:00+02:00,2026-09-03T03:55:00+02:00,0,0,0,16,0,0,0,0,4,2,0,0,0,0,0,0,0,0,0,0,0,0,0
2026-09-03T03:55:00+02:00,2026-09-03T04:00:00+02:00,0,0,0,7,0,0,0,0,5,3,0,0,0,0,0,0,0,0,0,0,0,0,0
2026-09-03T04:00:00+02:00,2026-09-03T04:05:00+02:00,0,0,0,9,0,0,0,0,4,0,0,0,0,0,0,0,0,0,0,0,0,1,0
2026-09-03T04:05:00+02:00,2026-09-03T04:10:00+02:00,0,0,2,10,0,0,0,0,8,2,0,0,0,0,0,0,0,0,0,0,0,0,0
2026-09-03T04:10:00+02:00,2026-09-03T04:15:00+02:00,0,0,4,17,0,0,0,0,4,4,0,0,0,0,0,0,0,0,2,0,0,2,0
2026-09-03T04:15:00+02:00,2026-09-03T04:20:00+02:00,0,0,5,20,0,0,0,0,2,1,0,0,0,0,0,0,0,0,0,0,0,2,0
2026-09-03T04:20:00+02:00,2026-09-03T04:25:00+02:00,0,0,2,13,0,0,0,0,1,0,0,0,0,0,0,0,0,0,0,0,0,2,0
2026-09-03T04:25:00+02:00,2026-09-03T04:30:00+02:00,0,0,3,13,0,0,0,0,11,0,0,0,0,0,0,0,0,0,0,0,0,7,0
2026-09-03T04:30:00+02:00,2026-09-03T04:35:00+02:00,0,0,2,17,0,0,0,0,4,1,0,0,0,0,0,0,0,0,0,0,0,3,0
2026-09-03T04:35:00+02:00,2026-09-03T04:40:00+02:00,0,0,0,21,0,0,0,0,4,2,0,0,0,0,0,0,0,0,0,0,0,2,0
2026-09-03T04:40:00+02:00,2026-09-03T04:45:00+02:00,0,0,1,36,0,0,0,0,4,4,1,0,0,0,0,0,0,0,0,0,0,2,0
2026-09-03T04:45:00+02:00,2026-09-03T04:50:00+02:00,0,0,0,27,1,0,0,0,3,2,0,0,0,0,0,0,0,0,1,0,0,4,0
2026-09-03T04:50:00+02:00,2026-09-03T04:55:00+02:00,0,0,2,30,0,0,0,0,5,5,1,0,0,0,0,0,0,0,1,0,0,0,0
2026-09-03T04:55:00+02:00,2026-09-03T05:00:00+02:00,0,0,0,46,0,0,0,0,5,3,1,0,0,0,0,0,0,0,2,0,0,4,0
2026-09-03T05:00:00+02:00,2026-09-03T05:05:00+02:00,0,0,1,33,0,0,0,0,4,1,1,0,0,0,0,0,0,0,0,0,0,2,0
2026-09-03T05:05:00+02:00,2026-09-03T05:10:00+02:00,0,0,2,42,0,0,0,0,5,7,0,0,0,0,0,0,0,0,0,0,0,5,0
2026-09-03T05:10:00+02:00,2026-09-03T05:15:00+02:00,0,0,6,57,0,0,0,0,10,9,1,0,0,0,0,0,0,0,1,0,0,2,0
2026-09-03T05:15:00+02:00,2026-09-03T05:20:00+02:00,0,0,7,57,0,0,0,0,15,8,0,0,0,0,0,0,0,0,1,0,0,6,0
2026-09-03T05:20:00+02:00,2026-09-03T05:25:00+02:00,0,0,6,70,0,0,0,0,7,4,1,0,0,0,0,0,0,0,0,0,0,2,0
2026-09-03T05:25:00+02:00,2026-09-03T05:30:00+02:00,0,0,4,75,0,0,0,0,7,4,0,0,0,0,0,0,0,0,0,0,0,3,0
2026-09-03T05:30:00+02:00,2026-09-03T05:35:00+02:00,0,0,5,96,1,0,0,0,12,2,4,0,0,0,0,0,0,0,1,0,0,4,0
2026-09-03T05:35:00+02:00,2026-09-03T05:40:00+02:00,0,0,5,81,0,0,0,0,4,4,2,0,0,0,0,0,0,0,0,0,0,5,0
2026-09-03T05:40:00+02:00,2026-09-03T05:45:00+02:00,0,0,5,88,0,0,0,0,1,4,3,0,0,0,0,0,0,0,0,0,0,10,0
2026-09-03T05:45:00+02:00,2026-09-03T05:50:00+02:00,0,0,2,105,0,0,0,0,8,5,1,0,0,0,0,0,1,0,1,0,0,9,0
2026-09-03T05:50:00+02:00,2026-09-03T05:55:00+02:00,0,0,4,101,0,0,0,0,8,2,0,0,0,0,0,0,0,0,0,0,0,14,0
2026-09-03T05:55:00+02:00,2026-09-03T06:00:00+02:00,0,0,2,81,0,0,0,0,5,6,2,0,0,0,0,0,0,0,2,0,0,9,0
2026-09-03T06:00:00+02:00,2026-09-03T06:05:00+02:00,0,0,3,73,0,0,0,0,5,8,0,0,0,0,0,0,0,0,0,0,0,6,0
2026-09-03T06:05:00+02:00,2026-09-03T06:10:00+02:00,0,0,2,94,0,0,0,0,11,8,0,0,0,0,0,0,0,0,0,0,0,6,0
2026-09-03T06:10:00+02:00,2026-09-03T06:15:00+02:00,0,0,2,82,1,0,0,0,12,9,0,0,0,0,0,0,0,0,0,0,0,16,0
2026-09-03T06:15:00+02:00,2026-09-03T06:20:00+02:00,0,0,4,90,2,0,0,0,10,11,0,0,0,0,0,0,0,0,0,0,0,8,0
2026-09-03T06:20:00+02:00,2026-09-03T06:25:00+02:00,0,0,0,87,0,0,0,0,6,11,1,0,0,0,0,0,0,0,1,0,0,16,0
2026-09-03T06:25:00+02:00,2026-09-03T06:30:00+02:00,0,0,3,105,0,0,0,0,11,8,0,0,0,0,0,0,0,0,1,0,0,8,0
2026-09-03T06:30:00+02:00,2026-09-03T06:35:00+02:00,0,0,3,123,1,0,0,0,13,15,0,0,0,0,0,0,0,0,2,0,0,8,0
2026-09-03T06:35:00+02:00,2026-09-03T06:40:00+02:00,0,0,3,113,0,0,0,0,14,7,2,0,0,0,0,0,0,0,1,0,0,5,0
2026-09-03T06:40:00+02:00,2026-09-03T06:45:00+02:00,0,0,1,132,2,0,0,0,8,9,6,0,0,0,0,0,0,0,2,0,0,3,0
2026-09-03T06:45:00+02:00,2026-09-03T06:50:00+02:00,0,0,2,199,4,0,0,0,11,9,1,0,0,0,0,0,0,0,0,0,0,17,0
2026-09-03T06:50:00+02:00,2026-09-03T06:55:00+02:00,0,0,3,169,1,0,0,0,7,17,0,0,0,0,0,0,0,0,1,0,0,14,0
2026-09-03T06:55:00+02:00,2026-09-03T07:00:00+02:00,0,0,3,170,0,0,0,0,15,7,0,0,0,0,0,0,0,0,1,0,0,14,0
2026-09-03T07:00:00+02:00,2026-09-03T07:05:00+02:00,0,0,0,175,2,0,0,0,9,6,1,0,0,0,0,0,2,0,1,0,0,18,0
2026-09-03T07:05:00+02:00,2026-09-03T07:10:00+02:00,0,0,3,154,0,0,0,0,7,10,1,0,0,0,0,0,1,0,1,0,0,13,0
2026-09-03T07:10:00+02:00,2026-09-03T07:15:00+02:00,0,0,5,172,3,0,0,0,14,16,0,0,0,0,0,0,3,0,0,0,0,19,0
2026-09-03T07:15:00+02:00,2026-09-03T07:20:00+02:00,0,0,2,180,1,0,0,0,8,11,0,0,0,0,0,0,0,0,0,0,0,16,0
2026-09-03T07:20:00+02:00,2026-09-03T07:25:00+02:00,0,0,6,159,3,0,0,0,4,12,1,0,0,0,0,0,0,0,0,0,0,12,0
2026-09-03T07:25:00+02:00,2026-09-03T07:30:00+02:00,0,0,7,163,0,0,0,0,9,12,0,0,0,0,0,0,0,0,0,0,0,24,0
2026-09-03T07:30:00+02:00,2026-09-03T07:35:00+02:00,0,0,12,194,1,0,0,0,2,10,0,0,0,0,0,0,1,0,0,0,0,10,0
2026-09-03T07:35:00+02:00,2026-09-03T07:40:00+02:00,0,0,5,197,1,0,0,0,5,16,3,0,0,0,0,0,0,0,3,0,0,18,0
2026-09-03T07:40:00+02:00,2026-09-03T07:45:00+02:00,0,0,8,204,0,0,0,0,5,7,4,0,0,0,0,0,0,0,0,0,0,18,0
2026-09-03T07:45:00+02:00,2026-09-03T07:50:00+02:00,0,0,3,195,0,0,0,0,7,12,1,0,0,0,0,0,0,0,0,0,0,19,0
2026-09-03T07:50:00+02:00,2026-09-03T07:55:00+02:00,0,0,4,196,1,0,0,0,6,25,0,0,0,0,0,0,0,0,1,0,0,13,0
2026-09-03T07:55:00+02:00,2026-09-03T08:00:00+02:00,0,0,5,228,0,0,0,0,8,19,0,0,0,0,0,0,0,0,1,0,0,18,0
2026-09-03T08:00:00+02:00,2026-09-03T08:05:00+02:00,0,0,6,213,3,0,0,0,8,20,0,0,0,0,0,0,0,0,0,0,0,25,0
2026-09-03T08:05:00+02:00,2026-09-03T08:10:00+02:00,0,0,2,167,1,0,0,0,10,18,0,0,0,0,0,0,2,0,4,0,0,26,0
2026-09-03T08:10:00+02:00,2026-09-03T08:15:00+02:00,0,0,0,178,1,0,0,0,11,10,2,0,0,0,0,0,3,0,3,0,0,15,0
2026-09-03T08:15:00+02:00,2026-09-03T08:20:00+02:00,0,0,3,149,0,0,0,0,9,21,2,0,0,0,0,0,4,0,2,0,0,6,0
2026-09-03T08:20:00+02:00,2026-09-03T08:25:00+02:00,0,0,2,162,0,0,0,0,18,18,0,0,0,0,0,0,0,0,2,0,0,3,0
2026-09-03T08:25:00+02:00,2026-09-03T08:30:00+02:00,0,0,1,151,4,0,0,0,9,17,2,0,0,0,0,0,0,0,1,0,0,15,0
2026-09-03T08:30:00+02:00,2026-09-03T08:35:00+02:00,0,0,4,178,1,0,0,0,9,14,0,0,0,0,0,0,0,0,2,0,0,14,0
2026-09-03T08:35:00+02:00,2026-09-03T08:40:00+02:00,0,0,1,146,0,0,0,0,6,20,1,0,0,0,0,0,1,0,0,0,0,12,0
2026-09-03T08:40:00+02:00,2026-09-03T08:45:00+02:00,0,0,3,190,5,0,0,0,9,20,4,0,0,0,0,0,1,0,0,0,0,21,0
2026-09-03T08:45:00+02:00,2026-09-03T08:50:00+02:00,0,0,2,166,2,0,0,0,15,14,2,0,0,0,0,0,0,0,1,0,0,24,0
2026-09-03T08:50:00+02:00,2026-09-03T08:55:00+02:00,0,0,1,154,1,0,0,0,11,14,2,0,0,0,0,0,0,0,1,0,0,6,0
2026-09-03T08:55:00+02:00,2026-09-03T09:00:00+02:00,0,0,1,168,0,0,0,0,16,13,0,0,0,0,0,0,1,0,2,0,0,9,0
2026-09-03T09:00:00+02:00,2026-09-03T09:05:00+02:00,0,0,5,147,3,0,0,0,15,15,0,0,0,0,0,0,0,0,2,0,0,15,0
2026-09-03T09:05:00+02:00,2026-09-03T09:10:00+02:00,0,0,4,135,2,0,0,0,9,13,3,0,0,0,0,0,0,0,1,0,0,17,0
2026-09-03T09:10:00+02:00,2026-09-03T09:15:00+02:00,0,0,3,154,2,0,0,0,13,19,0,0,0,0,0,0,1,0,1,0,0,12,0
2026-09-03T09:15:00+02:00,2026-09-03T09:20:00+02:00,0,0,3,156,1,0,0,0,11,16,1,0,0,0,0,0,0,0,0,0,0,14,0
2026-09-03T09:20:00+02:00,2026-09-03T09:25:00+02:00,0,0,0,169,1,0,0,0,14,12,2,0,0,0,0,0,1,0,6,0,0,15,0
2026-09-03T09:25:00+02:00,2026-09-03T09:30:00+02:00,0,0,0,158,3,0,0,0,11,18,1,0,0,0,0,0,2,0,2,0,0,19,0
2026-09-03T09:30:00+02:00,2026-09-03T09:35:00+02:00,0,0,1,159,2,0,0,0,15,14,4,0,0,0,0,0,0,0,1,0,0,11,0
2026-09-03T09:35:00+02:00,2026-09-03T09:40:00+02:00,0,0,0,148,1,0,0,0,12,14,5,0,0,0,0,0,1,0,1,0,0,14,0
2026-09-03T09:40:00+02:00,2026-09-03T09:45:00+02:00,0,0,5,191,0,0,0,0,8,11,1,0,0,0,0,0,0,0,0,0,0,13,0
2026-09-03T09:45:00+02:00,2026-09-03T09:50:00+02:00,0,0,0,150,2,0,0,0,15,14,0,0,0,0,0,0,0,0,4,0,0,13,0
2026-09-03T09:50:00+02:00,2026-09-03T09:55:00+02:00,0,0,1,170,4,0,0,0,16,18,6,0,0,0,0,0,1,0,2,0,0,15,0
2026-09-03T09:55:00+02:00,2026-09-03T10:00:00+02:00,0,0,0,148,1,0,0,0,11,12,10,0,0,0,0,0,0,0,0,0,0,10,0
2026-09-03T10:00:00+02:00,2026-09-03T10:05:00+02:00,0,0,4,168,1,0,0,0,11,12,3,0,0,0,0,0,6,0,1,0,0,16,0
2026-09-03T10:05:00+02:00,2026-09-03T10:10:00+02:00,0,0,2,146,2,0,0,0,6,10,4,0,0,0,0,0,0,0,1,0,0,9,0
2026-09-03T10:10:00+02:00,2026-09-03T10:15:00+02:00,0,0,2,151,0,0,0,0,11,14,0,0,0,0,0,0,0,0,2,0,0,12,0
2026-09-03T10:15:00+02:00,2026-09-03T10:20:00+02:00,0,0,1,152,4,0,0,0,13,15,0,0,0,0,0,0,0,0,2,0,0,14,0
2026-09-03T10:20:00+02:00,2026-09-03T10:25:00+02:00,0,0,3,182,2,0,0,0,10,10,3,0,0,0,0,0,1,0,1,0,0,10,0
2026-09-03T10:25:00+02:00,2026-09-03T10:30:00+02:00,0,0,3,170,6,0,0,0,9,11,1,0,0,0,0,0,0,0,0,0,0,17,0
2026-09-03T10:30:00+02:00,2026-09-03T10:35:00+02:00,0,0,8,136,0,0,0,0,12,15,9,0,0,0,0,0,0,0,0,0,0,19,0
2026-09-03T10:35:00+02:00,2026-09-03T10:40:00+02:00,0,0,0,179,4,0,0,0,15,8,3,0,0,0,0,0,0,0,0,0,0,12,0
2026-09-03T10:40:00+02:00,2026-09-03T10:45:00+02:00,0,0,1,188,3,0,0,0,11,15,1,0,0,0,0,0,0,0,1,0,0,8,0
2026-09-03T10:45:00+02:00,2026-09-03T10:50:00+02:00,0,0,5,176,1,0,0,0,10,7,2,0,0,0,0,0,0,0,0,0,0,22,0
2026-09-03T10:50:00+02:00,2026-09-03T10:55:00+02:00,0,0,1,160,0,0,0,0,11,8,1,0,0,0,0,0,0,0,0,0,0,15,0
2026-09-03T10:55:00+02:00,2026-09-03T11:00:00+02:00,0,0,1,170,1,0,0,0,13,13,2,0,0,0,0,0,0,0,3,0,0,14,0
2026-09-03T11:00:00+02:00,2026-09-03T11:05:00+02:00,0,0,5,160,1,0,0,0,6,17,3,0,0,0,0,0,2,0,2,0,0,10,0
2026-09-03T11:05:00+02:00,2026-09-03T11:10:00+02:00,0,0,4,135,0,0,0,0,8,5,9,0,0,0,0,0,0,0,0,0,0,12,0
2026-09-03T11:10:00+02:00,2026-09-03T11:15:00+02:00,0,0,5,180,2,0,0,0,11,14,7,0,0,0,0,0,0,0,1,0,0,13,0
2026-09-03T11:15:00+02:00,2026-09-03T11:20:00+02:00,0,0,0,149,2,0,0,0,16,9,1,0,0,0,0,0,0,0,0,0,0,10,0
2026-09-03T11:20:00+02:00,2026-09-03T11:25:00+02:00,0,0,0,182,3,0,0,0,8,6,0,0,0,0,0,0,0,0,0,0,0,8,0
2026-09-03T11:25:00+02:00,2026-09-03T11:30:00+02:00,0,0,0,161,2,0,0,0,11,15,8,0,0,0,0,0,5,0,4,0,0,21,0
2026-09-03T11:30:00+02:00,2026-09-03T11:35:00+02:00,0,0,0,192,1,0,0,0,8,8,0,0,0,0,0,0,0,0,1,0,0,8,0
2026-09-03T11:35:00+02:00,2026-09-03T11:40:00+02:00,0,0,2,186,0,0,0,0,9,13,3,0,0,0,0,0,0,0,2,0,0,14,0
2026-09-03T11:40:00+02:00,2026-09-03T11:45:00+02:00,0,0,2,183,1,0,0,0,6,13,3,0,0,0,0,0,0,0,1,0,0,16,0
2026-09-03T11:45:00+02:00,2026-09-03T11:50:00+02:00,0,0,3,197,2,0,0,0,13,23,3,0,0,0,0,0,1,0,2,0,0,12,0
2026-09-03T11:50:00+02:00,2026-09-03T11:55:00+02:00,0,0,1,166,5,0,0,0,14,10,3,0,0,0,0,0,1,0,2,0,0,13,0
2026-09-03T11:55:00+02:00,2026-09-03T12:00:00+02:00,0,0,0,170,2,0,0,0,17,10,5,0,0,0,0,0,0,0,1,0,0,13,0
2026-09-03T12:00:00+02:00,2026-09-03T12:05:00+02:00,0,0,9,157,0,0,0,0,8,13,2,0,0,0,0,0,0,0,0,0,0,11,0
2026-09-03T12:05:00+02:00,2026-09-03T12:10:00+02:00,0,0,1,175,2,0,0,0,9,7,1,0,0,0,0,0,0,0,0,0,0,15,0
2026-09-03T12:10:00+02:00,2026-09-03T12:15:00+02:00,0,0,3,143,1,0,0,0,5,19,3,0,0,0,0,0,2,0,2,0,0,15,0
2026-09-03T12:15:00+02:00,2026-09-03T12:20:00+02:00,0,0,6,150,0,0,0,0,12,8,3,0,0,0,0,0,0,0,0,0,0,10,0
2026-09-03T12:20:00+02:00,2026-09-03T12:25:00+02:00,0,0,4,150,1,0,0,0,15,14,2,0,0,0,0,0,1,0,1,0,0,10,0
