#INTERVAL_START,INTERVAL_END,ANIMAL,BICYCLE,BUS,CAR,CAR_TRAILER,CARAVAN,E_CART,HEAD,HEAVY,LIGHT,MOTORCYCLE,OBSTACLE,PEDESTRIAN,PRAM,SCOOTER,SKATE,TRACTOR,TRAM,TRUCK_TRAILER,TUK_TUK,UNKNOWN,VAN,WHEELCHAIR
2025-03-01T00:00:00+01:00,2025-03-01T00:05:00+01:00,0,0,0,3,0,0,0,0,0,0,0,0,0,0,0,0,0,0,0,0,0,0,0
2025-03-01T00:05:00+01:00,2025-03-01T00:10:00+01:00,0,0,0,1,0,0,0,0,0,0,0,0,0,0,0,0,0,0,0,0,0,0,0
2025-03-01T00:10:00+01:00,2025-03-01T00:15:00+01:00,0,0,0,0,0,0,0,0,0,0,0,0,0,0,0,0,0,0,0,0,0,0,0
2025-03-01T00:15:00+01:00,2025-03-01T00:20:00+01:00,0,0,0,0,0,0,0,0,0,0,0,0,0,0,0,0,0,0,0,0,0,0,0
2025-03-01T00:20:00+01:00,2025-03-01T00:25:00+01:00,0,0,0,1,0,0,0,0,0,0,0,0,0,0,0,0,0,0,0,0,0,0,0
2025-03-01T00:25:00+01:00,2025-03-01T00:30:00+01:00,0,0,0,2,0,0,0,0,0,0,0,0,0,0,0,0,0,0,0,0,0,0,0
2025-03-01T00:30:00+01:00,2025-03-01T00:35:00+01:00,0,0,0,0,0,0,0,0,0,0,0,0,0,0,0,0,0,0,0,0,0,0,0
2025-03-01T00:35:00+01:00,2025-03-01T00:40:00+01:00,0,0,0,0,0,0,0,0,0,1,0,0,0,0,0,0,0,0,0,0,0,0,0
2025-03-01T00:40:00+01:00,2025-03-01T00:45:00+01:00,0,0,0,1,0,0,0,0,0,0,0,0,0,0,0,0,0,0,0,0,0,0,0
2025-03-01T00:45:00+01:00,2025-03-01T00:50:00+01:00,0,0,0,0,0,0,0,0,0,0,0,0,0,0,0,0,0,0,0,0,0,0,0
2025-03-01T00:50:00+01:00,2025-03-01T00:55:00+01:00,0,0,0,1,0,0,0,0,0,0,0,0,0,0,0,0,0,0,0,0,0,0,0
2025-03-01T00:55:00+01:00,2025-03-01T01:00:00+01:00,0,0,0,2,0,0,0,0,0,0,0,0,0,0,0,0,0,0,0,0,0,0,0
2025-03-01T01:00:00+01:00,2025-03-01T01:05:00+01:00,0,0,0,3,0,0,0,0,0,0,0,0,0,0,0,0,0,0,0,0,0,0,0
2025-03-01T01:05:00+01:00,2025-03-01T01:10:00+01:00,0,0,0,2,0,0,0,0,0,0,0,0,0,0,0,0,0,0,0,0,0,0,0
2025-03-01T01:10:00+01:00,2025-03-01T01:15:00+01:00,0,0,0,0,0,0,0,0,0,0,0,0,0,0,0,0,0,0,0,0,0,0,0
2025-03-01T01:15:00+01:00,2025-03-01T01:20:00+01:00,0,0,0,0,0,0,0,0,0,0,0,0,0,0,0,0,0,0,0,0,0,0,0
2025-03-01T01:20:00+01:00,2025-03-01T01:25:00+01:00,0,0,0,1,0,0,0,0,0,0,0,0,0,0,0,0,0,0,0,0,0,0,0
2025-03-01T01:25:00+01:00,2025-03-01T01:30:00+01:00,0,0,0,1,0,0,0,0,0,0,0,0,0,0,0,0,0,0,0,0,0,0,0
2025-03-01T01:30:00+01:00,2025-03-01T01:35:00+01:00,0,0,0,0,0,0,0,0,0,0,0,0,0,0,0,0,0,0,0,0,0,0,0
2025-03-01T01:35:00+01:00,2025-03-01T01:40:00+01:00,0,0,0,0,0,0,0,0,0,0,0,0,0,0,0,0,0,0,0,0,0,0,0
2025-03-01T01:40:00+01:00,2025-03-01T01:45:00+01:00,0,0,0,1,0,0,0,0,0,0,0,0,0,0,0,0,0,0,0,0,0,0,0
2025-03-01T01:45:00+01:00,2025-03-01T01:50:00+01:00,0,0,0,0,0,0,0,0,0,0,0,0,0,0,0,0,0,0,0,0,0,0,0
2025-03-01T01:50:00+01:00,2025-03-01T01:55:00+01:00,0,0,0,0,0,0,0,0,0,0,0,0,0,0,0,0,0,0,0,0,0,0,0
2025-03-01T01:55:00+01:00,2025-03-01T02:00:00+01:00,0,0,0,2,0,0,0,0,0,0,0,0,0,0,0,0,0,0,0,0,0,0,0
2025-03-01T02:00:00+01:00,2025-03-01T02:05:00+01:00,0,0,0,1,0,0,0,0,0,0,0,0,0,0,0,0,0,0,0,0,0,0,0
2025-03-01T02:05:00+01:00,2025-03-01T02:10:00+01:00,0,0,0,0,0,0,0,0,0,0,0,0,0,0,0,0,0,0,0,0,0,0,0
2025-03-01T02:10:00+01:00,2025-03-01T02:15:00+01:00,0,0,0,1,0,0,0,0,0,0,0,0,0,0,0,0,0,0,0,0,0,0,0
2025-03-01T02:15:00+01:00,2025-03-01T02:20:00+01:00,0,0,0,1,0,0,0,0,0,0,0,0,0,0,0,0,0,0,0,0,0,0,0
2025-03-01T02:20:00+01:00,2025-03-01T02:25:00+01:00,0,0,0,0,0,0,0,0,0,0,0,0,0,0,0,0,0,0,0,0,0,1,0
2025-03-01T02:25:00+01:00,2025-03-01T02:30:00+01:00,0,0,0,1,0,0,0,0,0,0,0,0,0,0,0,0,0,0,0,0,0,0,0
2025-03-01T02:30:00+01:00,2025-03-01T02:35:00+01:00,0,0,0,2,0,0,0,0,0,0,0,0,0,0,0,0,0,0,0,0,0,0,0
2025-03-01T02:35:00+01:00,2025-03-01T02:40:00+01:00,0,0,0,1,0,0,0,0,0,0,0,0,0,0,0,0,0,0,0,0,0,0,0
2025-03-01T02:40:00+01:00,2025-03-01T02:45:00+01:00,0,0,0,1,0,0,0,0,0,0,0,0,0,0,0,0,0,0,0,0,0,0,0
2025-03-01T02:45:00+01:00,2025-03-01T02:50:00+01:00,0,0,0,0,0,0,0,0,0,0,0,0,0,0,0,0,0,0,0,0,0,0,0
2025-03-01T02:50:00+01:00,2025-03-01T02:55:00+01:00,0,0,0,0,0,0,0,0,0,0,0,0,0,0,0,0,0,0,0,0,0,0,0
2025-03-01T02:55:00+01:00,2025-03-01T03:00:00+01:00,0,0,0,0,0,0,0,0,0,0,0,0,0,0,0,0,0,0,0,0,0,0,0
2025-03-01T03:00:00+01:00,2025-03-01T03:05:00+01:00,0,0,0,1,0,0,0,0,0,0,0,0,0,0,0,0,0,0,0,0,0,0,0
2025-03-01T03:05:00+01:00,2025-03-01T03:10:00+01:00,0,1,0,1,0,0,0,0,0,0,0,0,0,0,0,0,0,0,0,0,0,0,0
2025-03-01T03:10:00+01:00,2025-03-01T03:15:00+01:00,0,0,0,0,0,0,0,0,1,0,0,0,0,0,0,0,0,0,0,0,0,0,0
2025-03-01T03:15:00+01:00,2025-03-01T03:20:00+01:00,0,0,0,0,0,0,0,0,0,0,0,0,0,0,0,0,0,0,0,0,0,0,0
2025-03-01T03:20:00+01:00,2025-03-01T03:25:00+01:00,0,0,0,0,0,0,0,0,0,0,0,0,0,0,0,0,0,0,0,0,0,0,0
2025-03-01T03:25:00+01:00,2025-03-01T03:30:00+01:00,0,0,0,1,0,0,0,0,0,0,0,0,0,0,0,0,0,0,0,0,0,0,0
2025-03-01T03:30:00+01:00,2025-03-01T03:35:00+01:00,0,0,0,2,0,0,0,0,0,0,0,0,0,0,0,0,0,0,0,0,0,0,0
2025-03-01T03:35:00+01:00,2025-03-01T03:40:00+01:00,0,0,0,2,0,0,0,0,0,0,0,0,0,0,0,0,0,0,0,0,0,0,0
2025-03-01T03:40:00+01:00,2025-03-01T03:45:00+01:00,0,0,0,0,0,0,0,0,0,0,0,0,0,0,0,0,0,0,0,0,0,0,0
2025-03-01T03:45:00+01:00,2025-03-01T03:50:00+01:00,0,0,0,0,0,0,0,0,0,0,0,0,0,0,0,0,0,0,0,0,0,0,0
2025-03-01T03:50:00+01:00,2025-03-01T03:55:00+01:00,0,0,0,1,0,0,0,0,0,0,0,0,0,0,0,0,0,0,0,0,0,0,0
2025-03-01T03:55:00+01:00,2025-03-01T04:00:00+01:00,0,0,0,0,0,0,0,0,0,0,0,0,0,0,0,0,0,0,0,0,0,0,0
2025-03-01T04:00:00+01:00,2025-03-01T04:05:00+01:00,0,0,0,0,0,0,0,0,0,0,0,0,0,0,0,0,0,0,0,0,0,0,0
2025-03-01T04:05:00+01:00,2025-03-01T04:10:00+01:00,0,0,0,0,0,0,0,0,0,0,0,0,0,0,0,0,0,0,0,0,0,0,0
2025-03-01T04:10:00+01:00,2025-03-01T04:15:00+01:00,0,0,0,1,0,0,0,0,0,0,0,0,0,0,0,0,0,0,0,0,0,0,0
2025-03-01T04:15:00+01:00,2025-03-01T04:20:00+01:00,0,0,0,1,0,0,0,0,0,0,0,0,0,0,0,0,0,0,0,0,0,0,0
2025-03-01T04:20:00+01:00,2025-03-01T04:25:00+01:00,0,0,1,0,0,0,0,0,0,0,0,0,0,0,0,0,0,0,0,0,0,0,0
2025-03-01T04:25:00+01:00,2025-03-01T04:30:00+01:00,0,0,0,0,0,0,0,0,0,0,0,0,0,0,0,0,0,0,0,0,0,0,0
2025-03-01T04:30:00+01:00,2025-03-01T04:35:00+01:00,0,0,0,1,0,0,0,0,0,0,0,0,0,0,0,0,0,0,0,0,0,0,0
2025-03-01T04:35:00+01:00,2025-03-01T04:40:00+01:00,0,0,0,0,0,0,0,0,0,0,0,0,0,0,0,0,0,0,0,0,0,0,0
2025-03-01T04:40:00+01:00,2025-03-01T04:45:00+01:00,0,0,0,2,0,0,0,0,0,0,0,0,0,0,0,0,0,0,0,0,0,0,0
2025-03-01T04:45:00+01:00,2025-03-01T04:50:00+01:00,0,0,0,0,0,0,0,0,0,0,0,0,0,0,0,0,0,0,0,0,0,0,0
2025-03-01T04:50:00+01:00,2025-03-01T04:55:00+01:00,0,1,0,1,0,0,0,0,1,0,0,0,0,0,0,0,0,0,0,0,0,1,0
2025-03-01T04:55:00+01:00,2025-03-01T05:00:00+01:00,0,0,0,2,0,0,0,0,0,0,0,0,0,0,0,0,0,0,0,0,0,0,0
2025-03-01T05:00:00+01:00,2025-03-01T05:05:00+01:00,0,0,0,2,0,0,0,0,0,0,0,0,0,0,0,0,0,0,0,0,0,0,0
2025-03-01T05:05:00+01:00,2025-03-01T05:10:00+01:00,0,0,0,0,0,0,0,0,0,0,0,0,0,0,0,0,0,0,0,0,0,0,0
2025-03-01T05:10:00+01:00,2025-03-01T05:15:00+01:00,0,0,0,3,0,0,0,0,0,0,0,0,0,0,0,0,0,0,0,0,0,0,0
2025-03-01T05:15:00+01:00,2025-03-01T05:20:00+01:00,0,0,0,1,0,0,0,0,0,0,0,0,1,0,0,0,0,0,0,0,0,0,0
2025-03-01T05:20:00+01:00,2025-03-01T05:25:00+01:00,0,0,0,4,0,0,0,0,0,0,0,0,0,0,0,0,0,0,0,0,0,0,0
2025-03-01T05:25:00+01:00,2025-03-01T05:30:00+01:00,0,0,0,3,0,0,0,0,1,0,0,0,0,0,0,0,0,0,0,0,0,0,0
2025-03-01T05:30:00+01:00,2025-03-01T05:35:00+01:00,0,0,0,3,0,0,0,0,0,0,0,0,0,0,0,0,0,0,0,0,0,0,0
2025-03-01T05:35:00+01:00,2025-03-01T05:40:00+01:00,0,0,0,2,0,0,0,0,0,0,0,0,0,0,0,0,0,0,0,0,0,0,0
2025-03-01T05:40:00+01:00,2025-03-01T05:45:00+01:00,0,0,0,2,0,0,0,0,0,0,0,0,0,0,0,0,0,0,0,0,0,0,0
2025-03-01T05:45:00+01:00,2025-03-01T05:50:00+01:00,0,0,0,2,0,0,0,0,0,0,0,0,0,0,0,0,0,0,0,0,0,0,0
2025-03-01T05:50:00+01:00,2025-03-01T05:55:00+01:00,0,0,0,3,0,0,0,0,0,0,0,0,0,0,0,0,0,0,0,0,0,0,0
2025-03-01T05:55:00+01:00,2025-03-01T06:00:00+01:00,0,0,0,3,0,0,0,0,0,0,0,0,0,0,0,0,0,0,0,0,0,0,0
2025-03-01T06:00:00+01:00,2025-03-01T06:05:00+01:00,0,0,0,0,0,0,0,0,0,0,0,0,0,0,0,0,0,0,0,0,0,0,0
2025-03-01T06:05:00+01:00,2025-03-01T06:10:00+01:00,0,0,0,1,0,0,0,0,0,0,0,0,0,0,0,0,0,0,0,0,0,0,0
2025-03-01T06:10:00+01:00,2025-03-01T06:15:00+01:00,0,0,0,0,0,0,0,0,0,0,0,0,0,0,0,0,0,0,0,0,0,0,0
2025-03-01T06:15:00+01:00,2025-03-01T06:20:00+01:00,0,0,1,0,0,0,0,0,0,1,0,0,0,0,0,0,0,0,1,0,0,0,0
2025-03-01T06:20:00+01:00,2025-03-01T06:25:00+01:00,0,0,1,1,0,0,0,0,0,0,0,0,0,0,0,0,0,0,0,0,0,0,0
2025-03-01T06:25:00+01:00,2025-03-01T06:30:00+01:00,0,0,0,0,0,0,0,0,0,0,0,0,0,0,0,0,0,0,0,0,0,0,0
2025-03-01T06:30:00+01:00,2025-03-01T06:35:00+01:00,0,0,0,0,0,0,0,0,0,0,0,0,0,0,0,0,0,0,0,0,0,0,0
2025-03-01T06:35:00+01:00,2025-03-01T06:40:00+01:00,0,0,0,0,0,0,0,0,0,0,0,0,0,0,0,0,0,0,0,0,0,0,0
2025-03-01T06:40:00+01:00,2025-03-01T06:45:00+01:00,0,0,0,3,0,0,0,0,0,0,0,0,0,0,0,0,0,0,0,0,0,0,0
2025-03-01T06:45:00+01:00,2025-03-01T06:50:00+01:00,0,0,0,0,0,0,0,0,0,0,0,0,2,0,0,0,0,0,0,0,0,0,0
2025-03-01T06:50:00+01:00,2025-03-01T06:55:00+01:00,0,0,0,1,0,0,0,0,0,0,0,0,2,0,0,0,0,0,0,0,0,0,0
2025-03-01T06:55:00+01:00,2025-03-01T07:00:00+01:00,0,0,0,1,0,0,0,0,0,0,0,0,0,0,0,0,0,0,0,0,0,1,0
2025-03-01T07:00:00+01:00,2025-03-01T07:05:00+01:00,0,0,0,0,0,0,0,0,0,0,0,0,1,0,0,0,0,0,0,0,0,0,0
2025-03-01T07:05:00+01:00,2025-03-01T07:10:00+01:00,0,0,0,2,0,0,0,0,0,0,0,0,0,0,0,0,0,0,0,0,0,0,0
2025-03-01T07:10:00+01:00,2025-03-01T07:15:00+01:00,0,0,0,4,0,0,0,0,0,0,0,0,1,0,0,0,0,0,0,0,0,0,0
2025-03-01T07:15:00+01:00,2025-03-01T07:20:00+01:00,0,0,0,3,0,0,0,0,0,0,0,0,0,0,0,0,0,0,0,0,0,0,0
2025-03-01T07:20:00+01:00,2025-03-01T07:25:00+01:00,0,0,0,4,0,0,0,0,0,0,0,0,0,0,0,0,0,0,0,0,0,0,0
2025-03-01T07:25:00+01:00,2025-03-01T07:30:00+01:00,0,0,0,2,0,0,0,0,0,0,0,0,1,0,0,0,0,0,0,0,0,0,0
2025-03-01T07:30:00+01:00,2025-03-01T07:35:00+01:00,0,0,0,4,0,0,0,0,0,0,0,0,1,0,0,0,0,0,0,0,0,0,0
2025-03-01T07:35:00+01:00,2025-03-01T07:40:00+01:00,0,1,0,4,0,0,0,0,0,0,0,0,0,0,0,0,0,0,0,0,0,0,0
2025-03-01T07:40:00+01:00,2025-03-01T07:45:00+01:00,0,1,1,5,0,0,0,0,0,0,0,0,0,0,0,0,0,0,0,0,0,0,0
2025-03-01T07:45:00+01:00,2025-03-01T07:50:00+01:00,0,0,0,3,0,0,0,0,0,0,0,0,0,0,0,0,0,0,0,0,0,1,0
2025-03-01T07:50:00+01:00,2025-03-01T07:55:00+01:00,0,0,0,2,0,0,0,0,1,0,0,0,0,0,0,0,0,0,0,0,0,1,0
2025-03-01T07:55:00+01:00,2025-03-01T08:00:00+01:00,0,0,1,1,0,0,0,0,1,1,0,0,0,0,0,0,0,0,0,0,0,0,0
2025-03-01T08:00:00+01:00,2025-03-01T08:05:00+01:00,0,1,1,3,0,0,0,0,0,0,0,0,0,0,0,0,0,0,0,0,0,0,0
2025-03-01T08:05:00+01:00,2025-03-01T08:10:00+01:00,0,0,0,4,0,0,0,0,1,0,0,0,0,0,0,0,0,0,0,0,0,0,0
2025-03-01T08:10:00+01:00,2025-03-01T08:15:00+01:00,0,0,0,2,0,0,0,0,0,0,0,0,1,0,0,0,0,0,0,0,0,0,0
2025-03-01T08:15:00+01:00,2025-03-01T08:20:00+01:00,0,0,0,3,0,0,0,0,1,0,0,0,0,0,0,0,0,0,0,0,0,0,0
2025-03-01T08:20:00+01:00,2025-03-01T08:25:00+01:00,0,0,1,5,0,0,0,0,1,0,0,0,0,0,0,0,0,0,0,0,0,0,0
2025-03-01T08:25:00+01:00,2025-03-01T08:30:00+01:00,0,0,0,2,0,0,0,0,0,0,0,0,1,0,0,0,0,0,0,0,0,0,0
2025-03-01T08:30:00+01:00,2025-03-01T08:35:00+01:00,0,0,0,6,1,0,0,0,0,0,0,0,0,0,0,0,0,0,0,0,0,0,0
2025-03-01T08:35:00+01:00,2025-03-01T08:40:00+01:00,0,0,0,4,0,0,0,0,0,0,0,0,0,0,0,0,0,0,0,0,0,0,0
2025-03-01T08:40:00+01:00,2025-03-01T08:45:00+01:00,0,0,0,5,1,0,0,0,0,0,0,0,1,0,0,0,0,0,0,0,0,0,0
2025-03-01T08:45:00+01:00,2025-03-01T08:50:00+01:00,0,0,0,8,1,0,0,0,0,0,0,0,0,0,0,0,0,0,0,0,0,0,0
2025-03-01T08:50:00+01:00,2025-03-01T08:55:00+01:00,0,0,0,2,0,0,0,0,0,0,0,0,0,0,0,0,0,0,0,0,0,0,0
2025-03-01T08:55:00+01:00,2025-03-01T09:00:00+01:00,0,0,0,4,0,0,0,0,0,0,0,0,0,0,0,0,0,0,0,0,0,0,0
2025-03-01T09:00:00+01:00,2025-03-01T09:05:00+01:00,0,0,1,6,0,0,0,0,0,0,0,0,0,0,0,0,0,0,0,0,0,1,0
2025-03-01T09:05:00+01:00,2025-03-01T09:10:00+01:00,0,0,0,1,0,0,0,0,0,0,0,0,3,0,0,0,0,0,0,0,0,1,0
2025-03-01T09:10:00+01:00,2025-03-01T09:15:00+01:00,0,0,0,5,0,0,0,0,0,0,0,0,0,0,0,0,0,0,0,0,0,0,0
2025-03-01T09:15:00+01:00,2025-03-01T09:20:00+01:00,0,0,0,5,1,0,0,0,0,1,0,0,0,0,0,0,0,0,0,0,0,0,0
2025-03-01T09:20:00+01:00,2025-03-01T09:25:00+01:00,0,0,0,2,0,0,0,0,0,0,0,0,3,0,0,0,0,0,0,0,0,0,0
2025-03-01T09:25:00+01:00,2025-03-01T09:30:00+01:00,0,0,0,11,0,0,0,0,0,0,0,0,2,0,0,0,0,0,0,0,0,0,0
2025-03-01T09:30:00+01:00,2025-03-01T09:35:00+01:00,0,0,0,8,1,0,0,0,0,0,0,0,2,0,0,0,0,0,0,0,0,0,0
2025-03-01T09:35:00+01:00,2025-03-01T09:40:00+01:00,0,1,0,7,0,0,0,0,0,0,0,0,2,0,0,0,0,0,0,0,0,0,0
2025-03-01T09:40:00+01:00,2025-03-01T09:45:00+01:00,0,0,0,4,0,0,0,0,0,0,0,0,1,0,0,0,0,0,0,0,0,1,0
2025-03-01T09:45:00+01:00,2025-03-01T09:50:00+01:00,0,0,0,6,0,0,0,0,0,0,0,0,2,0,0,0,0,0,0,0,0,0,0
2025-03-01T09:50:00+01:00,2025-03-01T09:55:00+01:00,0,0,0,5,1,0,0,0,0,1,0,0,5,0,0,0,0,0,0,0,0,0,0
2025-03-01T09:55:00+01:00,2025-03-01T10:00:00+01:00,0,1,0,9,0,0,0,0,0,1,0,0,0,0,0,0,0,0,0,0,0,1,0
2025-03-01T10:00:00+01:00,2025-03-01T10:05:00+01:00,0,2,0,6,0,0,0,0,0,0,0,0,4,0,0,0,0,0,0,0,0,0,0
2025-03-01T10:05:00+01:00,2025-03-01T10:10:00+01:00,0,0,0,3,0,0,0,0,0,1,0,0,2,0,0,0,0,0,0,0,0,0,0
2025-03-01T10:10:00+01:00,2025-03-01T10:15:00+01:00,0,1,0,5,1,0,0,0,0,0,0,0,2,0,0,0,0,0,0,0,0,0,0
2025-03-01T10:15:00+01:00,2025-03-01T10:20:00+01:00,0,0,0,8,0,0,0,0,0,1,0,0,0,0,0,0,0,0,0,0,0,1,0
2025-03-01T10:20:00+01:00,2025-03-01T10:25:00+01:00,0,1,2,4,0,0,0,0,0,0,0,0,2,0,0,0,0,0,0,0,0,0,0
2025-03-01T10:25:00+01:00,2025-03-01T10:30:00+01:00,0,0,0,4,0,0,0,0,0,0,0,0,0,0,0,0,0,0,0,0,0,0,0
2025-03-01T10:30:00+01:00,2025-03-01T10:35:00+01:00,0,0,0,2,0,0,0,0,0,1,0,0,1,0,0,0,0,0,0,0,0,1,0
2025-03-01T10:35:00+01:00,2025-03-01T10:40:00+01:00,0,0,0,4,0,0,0,0,1,1,0,0,2,0,0,0,0,0,0,0,0,0,0
2025-03-01T10:40:00+01:00,2025-03-01T10:45:00+01:00,0,0,0,5,0,0,0,0,0,0,0,0,0,0,0,0,0,0,0,0,0,0,0
2025-03-01T10:45:00+01:00,2025-03-01T10:50:00+01:00,0,0,0,9,0,0,0,0,0,0,0,0,3,0,0,0,0,0,0,0,0,0,0
2025-03-01T10:50:00+01:00,2025-03-01T10:55:00+01:00,0,0,0,5,0,0,0,0,0,0,0,0,1,0,0,0,0,0,0,0,0,1,0
2025-03-01T10:55:00+01:00,2025-03-01T11:00:00+01:00,0,0,0,2,0,0,0,0,0,0,0,0,3,0,0,0,0,0,0,0,0,0,0
2025-03-01T11:00:00+01:00,2025-03-01T11:05:00+01:00,0,0,0,9,0,0,0,0,0,0,0,0,0,0,0,0,0,0,0,0,0,0,0
2025-03-01T11:05:00+01:00,2025-03-01T11:10:00+01:00,0,1,0,10,0,0,0,0,0,0,0,0,0,0,0,0,0,0,0,0,0,1,0
2025-03-01T11:10:00+01:00,2025-03-01T11:15:00+01:00,0,0,0,7,0,0,0,0,0,1,0,0,4,0,0,0,0,0,0,0,0,0,0
2025-03-01T11:15:00+01:00,2025-03-01T11:20:00+01:00,0,0,0,13,0,0,0,0,0,0,0,0,0,0,0,0,0,0,0,0,0,0,0
2025-03-01T11:20:00+01:00,2025-03-01T11:25:00+01:00,0,0,0,7,0,0,0,0,0,0,0,0,3,0,0,0,0,0,0,0,0,0,0
2025-03-01T11:25:00+01:00,2025-03-01T11:30:00+01:00,0,0,0,9,0,0,0,0,0,0,0,0,0,0,0,0,0,0,0,0,0,0,0
2025-03-01T11:30:00+01:00,2025-03-01T11:35:00+01:00,0,0,0,5,0,0,0,0,0,0,0,0,1,0,0,0,0,0,0,0,0,0,0
2025-03-01T11:35:00+01:00,2025-03-01T11:40:00+01:00,0,1,0,3,0,0,0,0,0,1,0,0,0,0,0,0,0,0,0,0,0,0,0
2025-03-01T11:40:00+01:00,2025-03-01T11:45:00+01:00,0,0,0,5,0,0,0,0,0,0,0,0,1,0,0,0,0,0,0,0,0,0,0
2025-03-01T11:45:00+01:00,2025-03-01T11:50:00+01:00,0,0,0,7,0,0,0,0,0,1,0,0,2,0,0,0,0,0,0,0,0,0,0
2025-03-01T11:50:00+01:00,2025-03-01T11:55:00+01:00,0,0,0,7,0,0,0,0,0,0,0,0,2,0,0,0,0,0,0,0,0,0,0
2025-03-01T11:55:00+01:00,2025-03-01T12:00:00+01:00,0,0,0,4,0,0,0,0,0,0,0,0,1,0,0,0,0,0,0,0,0,0,0
2025-03-01T12:00:00+01:00,2025-03-01T12:05:00+01:00,0,0,0,3,0,0,0,0,0,1,0,0,3,0,0,0,0,0,0,0,0,0,0
2025-03-01T12:05:00+01:00,2025-03-01T12:10:00+01:00,0,0,0,8,0,0,0,0,0,1,0,0,1,0,0,0,0,0,0,0,0,1,0
2025-03-01T12:10:00+01:00,2025-03-01T12:15:00+01:00,0,0,0,7,0,0,0,0,0,0,0,0,2,0,0,0,0,0,0,0,0,0,0
2025-03-01T12:15:00+01:00,2025-03-01T12:20:00+01:00,0,0,1,4,0,0,0,0,0,0,0,0,1,0,0,0,0,0,0,0,0,0,0
2025-03-01T12:20:00+01:00,2025-03-01T12:25:00+01:00,0,0,2,5,0,0,0,0,0,1,0,0,0,0,0,0,0,0,0,0,0,0,0
2025-03-01T12:25:00+01:00,2025-03-01T12:30:00+01:00,0,0,0,12,0,0,0,0,0,0,0,0,0,0,0,0,0,0,0,0,0,0,0
2025-03-01T12:30:00+01:00,2025-03-01T12:35:00+01:00,0,0,0,8,0,0,0,0,0,0,0,0,1,0,0,0,0,0,0,0,0,0,0
2025-03-01T12:35:00+01:00,2025-03-01T12:40:00+01:00,0,1,0,14,0,0,0,0,0,0,0,0,2,1,0,0,0,0,0,0,0,0,0
2025-03-01T12:40:00+01:00,2025-03-01T12:45:00+01:00,0,0,0,5,0,0,0,0,0,0,0,0,0,0,0,0,0,0,0,0,0,0,0
2025-03-01T12:45:00+01:00,2025-03-01T12:50:00+01:00,0,0,0,6,0,0,0,0,0,0,0,0,1,0,0,0,0,0,0,0,0,0,0
2025-03-01T12:50:00+01:00,2025-03-01T12:55:00+01:00,0,0,0,8,0,0,0,0,0,0,1,0,2,0,0,0,0,0,0,0,0,1,0
2025-03-01T12:55:00+01:00,2025-03-01T13:00:00+01:00,0,0,0,6,0,0,0,0,0,0,0,0,3,0,0,0,0,0,0,0,0,0,0
2025-03-01T13:00:00+01:00,2025-03-01T13:05:00+01:00,0,0,0,5,0,0,0,0,0,0,0,0,1,0,0,0,0,0,0,0,0,0,0
2025-03-01T13:05:00+01:00,2025-03-01T13:10:00+01:00,0,0,0,4,0,0,0,0,0,0,0,0,0,0,0,0,0,0,0,0,0,0,0
2025-03-01T13:10:00+01:00,2025-03-01T13:15:00+01:00,0,0,0,4,0,0,0,0,0,0,0,0,0,0,0,0,0,0,0,0,0,0,0
2025-03-01T13:15:00+01:00,2025-03-01T13:20:00+01:00,0,0,0,6,0,0,0,0,0,0,0,0,0,0,0,0,0,0,0,0,0,0,0
2025-03-01T13:20:00+01:00,2025-03-01T13:25:00+01:00,0,1,1,8,0,0,0,0,0,0,0,0,0,0,0,0,0,0,0,0,0,0,0
2025-03-01T13:25:00+01:00,2025-03-01T13:30:00+01:00,0,0,0,7,0,0,0,0,0,1,0,0,0,0,0,0,0,0,0,0,0,1,0
2025-03-01T13:30:00+01:00,2025-03-01T13:35:00+01:00,0,0,0,5,1,0,0,0,0,0,0,0,1,0,0,0,0,0,0,0,0,0,0
2025-03-01T13:35:00+01:00,2025-03-01T13:40:00+01:00,0,0,0,9,0,0,0,0,0,0,0,0,1,0,0,0,0,0,0,0,0,0,0
2025-03-01T13:40:00+01:00,2025-03-01T13:45:00+01:00,0,0,0,6,0,0,0,0,0,0,0,0,1,0,0,0,0,0,0,0,0,0,0
2025-03-01T13:45:00+01:00,2025-03-01T13:50:00+01:00,0,0,0,6,0,0,0,0,0,1,0,0,1,0,0,0,0,0,0,0,0,0,0
2025-03-01T13:50:00+01:00,2025-03-01T13:55:00+01:00,0,0,0,13,0,0,0,0,0,0,0,0,1,0,0,0,0,0,0,0,0,0,0
2025-03-01T13:55:00+01:00,2025-03-01T14:00:00+01:00,0,0,0,1,0,0,0,0,0,0,0,0,1,0,0,0,0,0,0,0,0,0,0
2025-03-01T14:00:00+01:00,2025-03-01T14:05:00+01:00,0,0,0,7,1,0,0,0,0,0,0,0,1,0,0,0,0,0,0,0,0,0,0
2025-03-01T14:05:00+01:00,2025-03-01T14:10:00+01:00,0,0,0,6,0,0,0,0,0,0,0,0,1,0,0,0,0,0,0,0,0,0,0
2025-03-01T14:10:00+01:00,2025-03-01T14:15:00+01:00,0,0,0,6,0,0,0,0,0,0,0,0,2,0,0,0,0,0,0,0,0,0,0
2025-03-01T14:15:00+01:00,2025-03-01T14:20:00+01:00,0,1,0,4,0,0,0,0,0,0,0,0,2,0,0,0,0,0,0,0,0,0,0
2025-03-01T14:20:00+01:00,2025-03-01T14:25:00+01:00,0,2,2,5,0,0,0,0,0,0,0,0,3,0,0,0,0,0,0,0,0,0,0
2025-03-01T14:25:00+01:00,2025-03-01T14:30:00+01:00,0,0,0,9,0,0,0,0,0,0,0,0,1,0,0,0,0,0,0,0,0,0,0
2025-03-01T14:30:00+01:00,2025-03-01T14:35:00+01:00,0,0,0,3,0,0,0,0,0,0,0,0,0,0,0,0,0,0,0,0,0,0,0
2025-03-01T14:35:00+01:00,2025-03-01T14:40:00+01:00,0,0,0,4,0,0,0,0,0,0,0,0,3,0,0,0,0,0,0,0,0,1,0
2025-03-01T14:40:00+01:00,2025-03-01T14:45:00+01:00,0,0,0,2,0,0,0,0,0,0,0,0,1,0,0,0,0,0,0,0,0,0,0
2025-03-01T14:45:00+01:00,2025-03-01T14:50:00+01:00,0,0,0,7,0,0,0,0,0,0,0,0,0,0,0,0,0,0,0,0,0,0,0
2025-03-01T14:50:00+01:00,2025-03-01T14:55:00+01:00,0,0,0,6,0,0,0,0,0,0,0,0,1,0,0,0,0,0,0,0,0,0,0
2025-03-01T14:55:00+01:00,2025-03-01T15:00:00+01:00,0,0,0,9,0,0,0,0,0,0,0,0,1,0,0,0,0,0,0,0,0,0,0
2025-03-01T15:00:00+01:00,2025-03-01T15:05:00+01:00,0,0,0,7,0,0,0,0,0,0,0,0,1,0,0,0,0,0,0,0,0,1,0
2025-03-01T15:05:00+01:00,2025-03-01T15:10:00+01:00,0,0,0,3,0,0,0,0,0,0,0,0,0,0,0,0,0,0,0,0,0,0,0
2025-03-01T15:10:00+01:00,2025-03-01T15:15:00+01:00,0,1,0,2,0,0,0,0,0,0,0,0,1,0,0,0,0,0,0,0,0,0,0
2025-03-01T15:15:00+01:00,2025-03-01T15:20:00+01:00,0,0,1,8,0,0,0,0,0,0,0,0,0,0,0,0,0,0,0,0,0,0,0
2025-03-01T15:20:00+01:00,2025-03-01T15:25:00+01:00,0,1,0,10,0,0,0,0,0,0,0,0,1,0,0,0,0,0,0,0,0,0,0
2025-03-01T15:25:00+01:00,2025-03-01T15:30:00+01:00,0,0,0,8,0,0,0,0,0,0,0,0,1,0,0,0,0,0,0,0,0,1,0
2025-03-01T15:30:00+01:00,2025-03-01T15:35:00+01:00,0,0,0,5,0,0,0,0,0,0,0,0,1,0,0,0,0,0,0,0,0,0,0
2025-03-01T15:35:00+01:00,2025-03-01T15:40:00+01:00,0,0,0,7,0,0,0,0,0,0,0,0,1,0,0,0,0,0,0,0,0,0,0
2025-03-01T15:40:00+01:00,2025-03-01T15:45:00+01:00,0,0,0,5,0,0,0,0,0,0,0,0,5,0,0,0,0,0,0,0,0,0,0
2025-03-01T15:45:00+01:00,2025-03-01T15:50:00+01:00,0,0,0,12,0,0,0,0,0,0,0,0,1,0,0,0,0,0,0,0,0,0,0
2025-03-01T15:50:00+01:00,2025-03-01T15:55:00+01:00,0,0,0,9,0,0,0,0,0,0,0,0,0,0,0,0,0,0,0,0,0,0,0
2025-03-01T15:55:00+01:00,2025-03-01T16:00:00+01:00,0,0,0,9,0,0,0,0,0,0,0,0,1,0,0,0,0,0,0,0,0,0,0
2025-03-01T16:00:00+01:00,2025-03-01T16:05:00+01:00,0,0,0,5,0,0,0,0,0,0,0,0,3,0,0,0,0,0,0,0,0,0,0
2025-03-01T16:05:00+01:00,2025-03-01T16:10:00+01:00,0,0,0,3,0,0,0,0,0,0,0,0,1,0,0,0,0,0,0,0,0,1,0
2025-03-01T16:10:00+01:00,2025-03-01T16:15:00+01:00,0,0,1,7,0,0,0,0,0,0,0,0,0,0,0,0,0,0,0,0,0,0,0
2025-03-01T16:15:00+01:00,2025-03-01T16:20:00+01:00,0,0,1,14,0,0,0,0,0,0,0,0,3,0,0,0,0,0,0,0,0,0,0
2025-03-01T16:20:00+01:00,2025-03-01T16:25:00+01:00,0,0,0,5,0,0,0,0,0,0,0,0,1,0,0,0,0,0,0,0,0,0,0
2025-03-01T16:25:00+01:00,2025-03-01T16:30:00+01:00,0,0,0,10,1,0,0,0,0,0,0,0,3,0,0,0,0,0,0,0,0,1,0
2025-03-01T16:30:00+01:00,2025-03-01T16:35:00+01:00,0,1,0,9,0,0,0,0,0,0,0,0,4,0,0,0,0,0,0,0,0,1,0
2025-03-01T16:35:00+01:00,2025-03-01T16:40:00+01:00,0,0,0,4,0,0,0,0,0,0,0,0,1,0,0,0,0,0,0,0,0,0,0
2025-03-01T16:40:00+01:00,2025-03-01T16:45:00+01:00,0,0,0,13,0,0,0,0,0,1,0,0,3,0,0,0,0,0,0,0,0,0,0
2025-03-01T16:45:00+01:00,2025-03-01T16:50:00+01:00,0,0,0,7,0,0,0,0,0,0,0,0,1,0,0,0,0,0,0,0,0,0,0
2025-03-01T16:50:00+01:00,2025-03-01T16:55:00+01:00,0,0,0,2,0,0,0,0,0,0,0,0,1,0,0,0,0,0,0,0,0,0,0
2025-03-01T16:55:00+01:00,2025-03-01T17:00:00+01:00,0,0,0,5,1,0,0,0,0,0,0,0,0,0,0,0,0,0,0,0,0,1,0
2025-03-01T17:00:00+01:00,2025-03-01T17:05:00+01:00,0,0,0,2,0,0,0,0,1,0,0,0,1,0,0,0,0,0,0,0,0,0,0
2025-03-01T17:05:00+01:00,2025-03-01T17:10:00+01:00,0,1,0,5,0,0,0,0,0,0,0,0,0,0,0,0,0,0,0,0,0,0,0
2025-03-01T17:10:00+01:00,2025-03-01T17:15:00+01:00,0,0,0,5,0,0,0,0,0,0,0,0,0,0,0,0,0,0,0,0,0,0,0
2025-03-01T17:15:00+01:00,2025-03-01T17:20:00+01:00,0,0,0,4,0,0,0,0,0,1,0,0,0,0,0,0,0,0,0,0,0,0,0
2025-03-01T17:20:00+01:00,2025-03-01T17:25:00+01:00,0,0,2,5,0,0,0,0,0,0,0,0,0,0,0,0,0,0,0,0,0,0,0
2025-03-01T17:25:00+01:00,2025-03-01T17:30:00+01:00,0,0,0,11,0,0,0,0,0,0,0,0,1,0,0,0,0,0,0,0,0,1,0
2025-03-01T17:30:00+01:00,2025-03-01T17:35:00+01:00,0,0,0,5,0,0,0,0,0,0,0,0,1,1,0,0,0,0,0,0,0,0,0
2025-03-01T17:35:00+01:00,2025-03-01T17:40:00+01:00,0,0,0,7,0,0,0,0,0,0,0,0,0,0,0,0,0,0,0,0,0,0,0
2025-03-01T17:40:00+01:00,2025-03-01T17:45:00+01:00,0,0,0,4,1,0,0,0,0,0,0,0,3,0,0,0,0,0,0,0,0,0,0
2025-03-01T17:45:00+01:00,2025-03-01T17:50:00+01:00,0,0,0,7,0,0,0,0,0,0,0,0,0,0,0,0,0,0,0,0,0,3,0
2025-03-01T17:50:00+01:00,2025-03-01T17:55:00+01:00,0,0,0,4,0,0,0,0,0,0,0,0,1,0,0,0,0,0,0,0,0,0,0
2025-03-01T17:55:00+01:00,2025-03-01T18:00:00+01:00,0,0,0,7,0,0,0,0,0,0,0,0,1,0,0,0,0,0,0,0,0,0,0
2025-03-01T18:00:00+01:00,2025-03-01T18:05:00+01:00,0,0,0,9,0,0,0,0,0,0,0,0,1,0,0,0,0,0,0,0,0,0,0
2025-03-01T18:05:00+01:00,2025-03-01T18:10:00+01:00,0,0,1,6,1,0,0,0,0,0,0,0,2,0,0,0,0,0,0,0,0,0,0
2025-03-01T18:10:00+01:00,2025-03-01T18:15:00+01:00,0,0,0,10,0,0,0,0,0,0,0,0,2,0,0,0,0,0,0,0,0,0,0
2025-03-01T18:15:00+01:00,2025-03-01T18:20:00+01:00,0,0,0,6,0,0,0,0,0,0,0,0,0,0,0,0,0,0,0,0,0,0,0
2025-03-01T18:20:00+01:00,2025-03-01T18:25:00+01:00,0,0,1,9,0,0,0,0,0,0,0,0,1,0,0,0,0,0,0,0,0,0,0
2025-03-01T18:25:00+01:00,2025-03-01T18:30:00+01:00,0,0,1,7,0,0,0,0,0,0,0,0,0,0,0,0,0,0,0,0,0,0,0
2025-03-01T18:30:00+01:00,2025-03-01T18:35:00+01:00,0,0,0,5,0,0,0,0,0,0,0,0,0,0,0,0,0,0,0,0,0,1,0
2025-03-01T18:35:00+01:00,2025-03-01T18:40:00+01:00,0,0,0,6,0,0,0,0,0,0,0,0,0,0,0,0,0,0,0,0,0,0,0
2025-03-01T18:40:00+01:00,2025-03-01T18:45:00+01:00,0,0,0,5,0,0,0,0,0,0,0,0,0,0,0,0,0,0,0,0,0,0,0
2025-03-01T18:45:00+01:00,2025-03-01T18:50:00+01:00,0,0,0,8,0,0,0,0,0,0,0,0,1,0,0,0,0,0,0,0,0,0,0
2025-03-01T18:50:00+01:00,2025-03-01T18:55:00+01:00,0,0,0,5,0,0,0,0,0,0,0,0,1,0,0,0,0,0,0,0,0,0,0
2025-03-01T18:55:00+01:00,2025-03-01T19:00:00+01:00,0,0,0,6,0,0,0,0,0,0,0,0,0,0,0,0,0,0,0,0,0,0,0
2025-03-01T19:00:00+01:00,2025-03-01T19:05:00+01:00,0,0,0,4,0,0,0,0,0,0,0,0,0,0,0,0,0,0,0,0,0,0,0
2025-03-01T19:05:00+01:00,2025-03-01T19:10:00+01:00,0,0,0,5,0,0,0,0,0,0,0,0,0,0,0,0,0,0,0,0,0,0,0
2025-03-01T19:10:00+01:00,2025-03-01T19:15:00+01:00,0,0,0,4,0,0,0,0,0,0,0,0,1,0,0,0,0,0,0,0,0,0,0
2025-03-01T19:15:00+01:00,2025-03-01T19:20:00+01:00,0,0,0,5,0,0,0,0,0,0,0,0,0,0,0,0,0,0,0,0,0,0,0
2025-03-01T19:20:00+01:00,2025-03-01T19:25:00+01:00,0,0,0,2,0,0,0,0,0,0,0,0,0,0,0,0,0,0,0,0,0,0,0
2025-03-01T19:25:00+01:00,2025-03-01T19:30:00+01:00,0,0,0,2,0,0,0,0,0,0,0,0,1,0,0,0,0,0,0,0,0,0,0
2025-03-01T19:30:00+01:00,2025-03-01T19:35:00+01:00,0,0,0,3,0,0,0,0,0,0,0,0,0,0,0,0,0,0,0,0,0,0,0
2025-03-01T19:35:00+01:00,2025-03-01T19:40:00+01:00,0,0,0,4,0,0,0,0,0,0,0,0,0,0,0,0,0,0,0,0,0,0,0
2025-03-01T19:40:00+01:00,2025-03-01T19:45:00+01:00,0,0,1,2,0,0,0,0,0,0,0,0,0,0,0,0,0,0,0,0,0,0,0
2025-03-01T19:45:00+01:00,2025-03-01T19:50:00+01:00,0,0,0,5,0,0,0,0,0,0,0,0,3,0,0,0,0,0,0,0,0,0,0
2025-03-01T19:50:00+01:00,2025-03-01T19:55:00+01:00,0,0,0,5,0,0,0,0,0,0,0,0,0,0,0,0,0,0,0,0,0,0,0
2025-03-01T19:55:00+01:00,2025-03-01T20:00:00+01:00,0,0,0,5,0,0,0,0,0,0,0,0,1,0,0,0,0,0,0,0,0,2,0
2025-03-01T20:00:00+01:00,2025-03-01T20:05:00+01:00,0,0,0,4,0,0,0,0,1,0,0,0,0,0,0,0,0,0,0,0,0,0,0
2025-03-01T20:05:00+01:00,2025-03-01T20:10:00+01:00,0,0,0,6,0,0,0,0,0,0,0,0,0,0,0,0,0,0,0,0,0,0,0
2025-03-01T20:10:00+01:00,2025-03-01T20:15:00+01:00,0,0,0,4,0,0,0,0,0,1,0,0,1,0,0,0,0,0,0,0,0,0,0
2025-03-01T20:15:00+01:00,2025-03-01T20:20:00+01:00,0,0,0,3,0,0,0,0,0,0,0,0,0,0,0,0,0,0,0,0,0,0,0
2025-03-01T20:20:00+01:00,2025-03-01T20:25:00+01:00,0,0,1,2,0,0,0,0,0,0,0,0,0,0,0,0,0,0,0,0,0,0,0
2025-03-01T20:25:00+01:00,2025-03-01T20:30:00+01:00,0,0,0,1,0,0,0,0,0,0,0,0,0,0,0,0,0,0,0,0,0,0,0
2025-03-01T20:30:00+01:00,2025-03-01T20:35:00+01:00,0,0,0,2,0,0,0,0,0,0,0,0,0,0,0,0,0,0,0,0,0,0,0
2025-03-01T20:35:00+01:00,2025-03-01T20:40:00+01:00,0,0,1,2,0,0,0,0,0,0,0,0,0,0,0,0,0,0,0,0,0,0,0
2025-03-01T20:40:00+01:00,2025-03-01T20:45:00+01:00,0,0,0,3,0,0,0,0,0,0,0,0,0,0,0,0,0,0,0,0,0,0,0
2025-03-01T20:45:00+01:00,2025-03-01T20:50:00+01:00,0,0,0,3,0,0,0,0,0,0,0,0,0,0,0,0,0,0,0,0,0,0,0
2025-03-01T20:50:00+01:00,2025-03-01T20:55:00+01:00,0,0,0,1,0,0,0,0,0,0,0,0,0,0,0,0,0,0,0,0,0,0,0
2025-03-01T20:55:00+01:00,2025-03-01T21:00:00+01:00,0,0,0,2,0,0,0,0,0,0,0,0,0,0,0,0,0,0,0,0,0,0,0
2025-03-01T21:00:00+01:00,2025-03-01T21:05:00+01:00,0,0,0,3,0,0,0,0,0,0,0,0,0,0,0,0,0,0,0,0,0,0,0
2025-03-01T21:05:00+01:00,2025-03-01T21:10:00+01:00,0,0,0,6,0,0,0,0,0,0,0,0,0,0,0,0,0,0,0,0,0,0,0
2025-03-01T21:10:00+01:00,2025-03-01T21:15:00+01:00,0,0,0,4,0,0,0,0,0,0,0,0,1,0,0,0,0,0,0,0,0,0,0
2025-03-01T21:15:00+01:00,2025-03-01T21:20:00+01:00,0,0,0,3,0,0,0,0,0,0,0,0,0,0,0,0,0,0,0,0,0,0,0
2025-03-01T21:20:00+01:00,2025-03-01T21:25:00+01:00,0,0,0,3,0,0,0,0,0,0,0,0,0,0,0,0,0,0,0,0,0,0,0
2025-03-01T21:25:00+01:00,2025-03-01T21:30:00+01:00,0,0,0,3,0,0,0,0,0,0,0,0,0,0,0,0,0,0,0,0,0,1,0
2025-03-01T21:30:00+01:00,2025-03-01T21:35:00+01:00,0,0,0,5,0,0,0,0,0,0,0,0,0,0,0,0,0,0,0,0,0,0,0
2025-03-01T21:35:00+01:00,2025-03-01T21:40:00+01:00,0,0,0,4,0,0,0,0,0,0,0,0,0,0,0,0,0,0,0,0,0,0,0
2025-03-01T21:40:00+01:00,2025-03-01T21:45:00+01:00,0,0,0,5,0,0,0,0,0,0,0,0,0,0,0,0,0,0,0,0,0,0,0
2025-03-01T21:45:00+01:00,2025-03-01T21:50:00+01:00,0,0,0,4,0,0,0,0,0,0,0,0,0,0,0,0,0,0,0,0,0,0,0
2025-03-01T21:50:00+01:00,2025-03-01T21:55:00+01:00,0,0,0,5,0,0,0,0,0,0,0,0,0,0,0,0,0,0,0,0,0,0,0
2025-03-01T21:55:00+01:00,2025-03-01T22:00:00+01:00,0,0,0,2,0,0,0,0,0,0,0,0,0,0,0,0,0,0,0,0,0,0,0
2025-03-01T22:00:00+01:00,2025-03-01T22:05:00+01:00,0,0,0,1,0,0,0,0,0,0,0,0,0,0,0,0,0,0,0,0,0,0,0
2025-03-01T22:05:00+01:00,2025-03-01T22:10:00+01:00,0,1,0,2,0,0,0,0,0,0,0,0,0,0,0,0,0,0,0,0,0,1,0
2025-03-01T22:10:00+01:00,2025-03-01T22:15:00+01:00,0,0,0,2,0,0,0,0,0,0,0,0,0,0,0,0,0,0,0,0,0,0,0
2025-03-01T22:15:00+01:00,2025-03-01T22:20:00+01:00,0,0,0,3,0,0,0,0,0,0,0,0,0,0,0,0,0,0,0,0,0,0,0
2025-03-01T22:20:00+01:00,2025-03-01T22:25:00+01:00,0,0,0,0,0,0,0,0,0,0,0,0,0,0,0,0,0,0,0,0,0,0,0
2025-03-01T22:25:00+01:00,2025-03-01T22:30:00+01:00,0,0,0,2,0,0,0,0,0,0,0,0,0,0,0,0,0,0,0,0,0,0,0
2025-03-01T22:30:00+01:00,2025-03-01T22:35:00+01:00,0,0,0,1,0,0,0,0,0,0,0,0,0,0,0,0,0,0,0,0,0,0,0
2025-03-01T22:35:00+01:00,2025-03-01T22:40:00+01:00,0,0,0,3,0,0,0,0,0,0,0,0,0,0,0,0,0,0,0,0,0,0,0
2025-03-01T22:40:00+01:00,2025-03-01T22:45:00+01:00,0,0,0,3,0,0,0,0,0,0,0,0,0,0,0,0,0,0,0,0,0,0,0
2025-03-01T22:45:00+01:00,2025-03-01T22:50:00+01:00,0,0,0,1,0,0,0,0,0,0,0,0,1,0,0,0,0,0,0,0,0,0,0
2025-03-01T22:50:00+01:00,2025-03-01T22:55:00+01:00,0,0,0,1,0,0,0,0,0,0,0,0,0,0,0,0,0,0,0,0,0,0,0
2025-03-01T22:55:00+01:00,2025-03-01T23:00:00+01:00,0,0,0,0,0,0,0,0,0,0,0,0,0,0,0,0,0,0,0,0,0,0,0
2025-03-01T23:00:00+01:00,2025-03-01T23:05:00+01:00,0,0,0,1,0,0,0,0,0,0,0,0,0,0,0,0,0,0,0,0,0,1,0
2025-03-01T23:05:00+01:00,2025-03-01T23:10:00+01:00,0,0,0,0,0,0,0,0,0,0,0,0,0,0,0,0,0,0,0,0,0,0,0
2025-03-01T23:10:00+01:00,2025-03-01T23:15:00+01:00,0,0,0,2,0,0,0,0,0,0,0,0,0,0,0,0,0,0,0,0,0,0,0
2025-03-01T23:15:00+01:00,2025-03-01T23:20:00+01:00,0,0,0,2,0,0,0,0,0,0,0,0,0,0,0,0,0,0,0,0,0,0,0
2025-03-01T23:20:00+01:00,2025-03-01T23:25:00+01:00,0,0,0,1,0,0,0,0,0,0,0,0,0,0,0,0,0,0,0,0,0,0,0
2025-03-01T23:25:00+01:00,2025-03-01T23:30:00+01:00,0,0,0,2,0,0,0,0,0,0,0,0,0,0,0,0,0,0,0,0,0,0,0
2025-03-01T23:30:00+01:00,2025-03-01T23:35:00+01:00,0,0,0,2,0,0,0,0,0,0,0,0,0,0,0,0,0,0,0,0,0,0,0
2025-03-01T23:35:00+01:00,2025-03-01T23:40:00+01:00,0,0,0,3,0,0,0,0,0,0,0,0,0,0,0,0,0,0,0,0,0,0,0
2025-03-01T23:40:00+01:00,2025-03-01T23:45:00+01:00,0,0,0,0,0,0,0,0,0,0,0,0,0,0,0,0,0,0,0,0,0,0,0
2025-03-01T23:45:00+01:00,2025-03-01T23:50:00+01:00,0,0,0,1,0,0,0,0,0,0,0,0,0,0,0,0,0,0,0,0,0,0,0
2025-03-01T23:50:00+01:00,2025-03-01T23:55:00+01:00,0,0,0,1,0,0,0,0,0,0,0,0,0,0,0,0,0,0,0,0,0,0,0
2025-03-01T23:55:00+01:00,2025-03-02T00:00:00+01:00,0,0,0,5,0,0,0,0,0,0,0,0,0,0,0,0,0,0,0,0,0,0,0
2025-03-02T00:00:00+01:00,2025-03-02T00:05:00+01:00,0,0,0,2,0,0,0,0,0,0,0,0,1,0,0,0,0,0,0,0,0,0,0
2025-03-02T00:05:00+01:00,2025-03-02T00:10:00+01:00,0,0,0,4,0,0,0,0,0,0,0,0,0,0,0,0,0,0,0,0,0,0,0
2025-03-02T00:10:00+01:00,2025-03-02T00:15:00+01:00,0,0,0,0,0,0,0,0,0,0,0,0,0,0,0,0,0,0,0,0,0,0,0
2025-03-02T00:15:00+01:00,2025-03-02T00:20:00+01:00,0,0,0,2,0,0,0,0,0,0,0,0,0,0,0,0,0,0,0,0,0,0,0
2025-03-02T00:20:00+01:00,2025-03-02T00:25:00+01:00,0,0,0,3,0,0,0,0,0,0,0,0,0,0,0,0,0,0,0,0,0,0,0
2025-03-02T00:25:00+01:00,2025-03-02T00:30:00+01:00,0,0,0,1,0,0,0,0,0,0,0,0,0,0,0,0,0,0,0,0,0,0,0
2025-03-02T00:30:00+01:00,2025-03-02T00:35:00+01:00,0,0,0,1,0,0,0,0,0,0,0,0,1,0,0,0,0,0,0,0,0,0,0
2025-03-02T00:35:00+01:00,2025-03-02T00:40:00+01:00,0,0,0,0,0,0,0,0,0,0,0,0,0,0,0,0,0,0,0,0,0,0,0
2025-03-02T00:40:00+01:00,2025-03-02T00:45:00+01:00,0,0,0,3,0,0,0,0,0,0,0,0,0,0,0,0,0,0,0,0,0,0,0
2025-03-02T00:45:00+01:00,2025-03-02T00:50:00+01:00,0,0,0,1,0,0,0,0,0,0,0,0,0,0,0,0,0,0,0,0,0,0,0
2025-03-02T00:50:00+01:00,2025-03-02T00:55:00+01:00,0,0,0,2,0,0,0,0,0,0,0,0,0,0,0,0,0,0,0,0,0,0,0
2025-03-02T00:55:00+01:00,2025-03-02T01:00:00+01:00,0,0,0,0,0,0,0,0,0,0,0,0,0,0,0,0,0,0,0,0,0,0,0
2025-03-02T01:00:00+01:00,2025-03-02T01:05:00+01:00,0,0,0,0,0,0,0,0,0,0,0,0,0,0,0,0,0,0,0,0,0,0,0
2025-03-02T01:05:00+01:00,2025-03-02T01:10:00+01:00,0,0,0,1,0,0,0,0,0,0,0,0,0,0,0,0,0,0,0,0,0,0,0
2025-03-02T01:10:00+01:00,2025-03-02T01:15:00+01:00,0,0,0,1,0,0,0,0,0,0,0,0,0,0,0,0,0,0,0,0,0,0,0
2025-03-02T01:15:00+01:00,2025-03-02T01:20:00+01:00,0,0,0,1,0,0,0,0,0,0,0,0,0,0,0,0,0,0,0,0,0,0,0
2025-03-02T01:20:00+01:00,2025-03-02T01:25:00+01:00,0,0,0,0,0,0,0,0,0,0,0,0,0,0,0,0,0,0,0,0,0,0,0
2025-03-02T01:25:00+01:00,2025-03-02T01:30:00+01:00,0,0,0,2,0,0,0,0,0,0,0,0,0,0,0,0,0,0,0,0,0,0,0
2025-03-02T01:30:00+01:00,2025-03-02T01:35:00+01:00,0,0,0,2,0,0,0,0,0,0,0,0,1,0,0,0,0,0,0,0,0,0,0
2025-03-02T01:35:00+01:00,2025-03-02T01:40:00+01:00,0,0,0,0,0,0,0,0,0,0,0,0,0,0,0,0,0,0,0,0,0,0,0
2025-03-02T01:40:00+01:00,2025-03-02T01:45:00+01:00,0,0,0,1,0,0,0,0,0,0,0,0,0,0,0,0,0,0,0,0,0,0,0
2025-03-02T01:45:00+01:00,2025-03-02T01:50:00+01:00,0,0,0,0,0,0,0,0,0,0,0,0,0,0,0,0,0,0,0,0,0,0,0
2025-03-02T01:50:00+01:00,2025-03-02T01:55:00+01:00,0,0,0,1,0,0,0,0,0,0,0,0,0,0,0,0,0,0,0,0,0,0,0
2025-03-02T01:55:00+01:00,2025-03-02T02:00:00+01:00,0,0,0,1,0,0,0,0,0,0,0,0,0,0,0,0,0,0,0,0,0,0,0
2025-03-02T02:00:00+01:00,2025-03-02T02:05:00+01:00,0,0,0,0,0,0,0,0,0,0,0,0,0,0,0,0,0,0,0,0,0,0,0
2025-03-02T02:05:00+01:00,2025-03-02T02:10:00+01:00,0,0,0,1,0,0,0,0,0,0,0,0,0,0,0,0,0,0,0,0,0,0,0
2025-03-02T02:10:00+01:00,2025-03-02T02:15:00+01:00,0,0,0,0,0,0,0,0,0,0,0,0,0,0,0,0,0,0,0,0,0,0,0
2025-03-02T02:15:00+01:00,2025-03-02T02:20:00+01:00,0,0,0,2,0,0,0,0,0,0,0,0,0,0,0,0,0,0,0,0,0,0,0
2025-03-02T02:20:00+01:00,2025-03-02T02:25:00+01:00,0,0,0,0,0,0,0,0,0,0,0,0,0,0,0,0,0,0,0,0,0,0,0
2025-03-02T02:25:00+01:00,2025-03-02T02:30:00+01:00,0,0,0,2,0,0,0,0,0,0,0,0,0,0,0,0,0,0,0,0,0,0,0
2025-03-02T02:30:00+01:00,2025-03-02T02:35:00+01:00,0,0,0,2,0,0,0,0,0,0,0,0,0,0,0,0,0,0,0,0,0,0,0
2025-03-02T02:35:00+01:00,2025-03-02T02:40:00+01:00,0,0,0,1,0,0,0,0,0,0,0,0,0,0,0,0,0,0,0,0,0,0,0
2025-03-02T02:40:00+01:00,2025-03-02T02:45:00+01:00,0,0,0,1,0,0,0,0,0,0,0,0,0,0,0,0,0,0,0,0,0,0,0
2025-03-02T02:45:00+01:00,2025-03-02T02:50:00+01:00,0,0,0,0,0,0,0,0,0,0,0,0,0,0,0,0,0,0,0,0,0,0,0
2025-03-02T02:50:00+01:00,2025-03-02T02:55:00+01:00,0,0,0,0,0,0,0,0,0,0,0,0,0,0,0,0,0,0,0,0,0,0,0
2025-03-02T02:55:00+01:00,2025-03-02T03:00:00+01:00,0,0,0,0,0,0,0,0,0,0,0,0,0,0,0,0,0,0,0,0,0,0,0
2025-03-02T03:00:00+01:00,2025-03-02T03:05:00+01:00,0,0,0,3,0,0,0,0,0,0,0,0,0,0,0,0,0,0,0,0,0,0,0
2025-03-02T03:05:00+01:00,2025-03-02T03:10:00+01:00,0,0,0,1,0,0,0,0,0,0,0,0,0,0,0,0,0,0,0,0,0,0,0
2025-03-02T03:10:00+01:00,2025-03-02T03:15:00+01:00,0,0,0,0,0,0,0,0,1,0,0,0,0,0,0,0,0,0,0,0,0,0,0
2025-03-02T03:15:00+01:00,2025-03-02T03:20:00+01:00,0,0,0,0,0,0,0,0,0,0,0,0,0,0,0,0,0,0,0,0,0,0,0
2025-03-02T03:20:00+01:00,2025-03-02T03:25:00+01:00,0,0,0,2,0,0,0,0,0,0,0,0,0,0,0,0,0,0,0,0,0,0,0
2025-03-02T03:25:00+01:00,2025-03-02T03:30:00+01:00,0,0,0,1,0,0,0,0,0,0,0,0,0,0,0,0,0,0,0,0,0,0,0
2025-03-02T03:30:00+01:00,2025-03-02T03:35:00+01:00,0,0,0,0,0,0,0,0,1,0,0,0,0,0,0,0,0,0,0,0,0,0,0
2025-03-02T03:35:00+01:00,2025-03-02T03:40:00+01:00,0,0,0,1,0,0,0,0,0,0,0,0,0,0,0,0,0,0,0,0,0,0,0
2025-03-02T03:40:00+01:00,2025-03-02T03:45:00+01:00,0,0,0,1,0,0,0,0,0,0,0,0,0,0,0,0,0,0,0,0,0,0,0
2025-03-02T03:45:00+01:00,2025-03-02T03:50:00+01:00,0,0,0,1,0,0,0,0,0,0,0,0,0,0,0,0,0,0,0,0,0,0,0
2025-03-02T03:50:00+01:00,2025-03-02T03:55:00+01:00,0,0,0,2,0,0,0,0,0,0,0,0,0,0,0,0,0,0,0,0,0,0,0
2025-03-02T03:55:00+01:00,2025-03-02T04:00:00+01:00,0,0,0,1,0,0,0,0,0,0,0,0,0,0,0,0,0,0,0,0,0,0,0
2025-03-02T04:00:00+01:00,2025-03-02T04:05:00+01:00,0,0,0,0,0,0,0,0,0,0,0,0,0,0,0,0,0,0,0,0,0,0,0
2025-03-02T04:05:00+01:00,2025-03-02T04:10:00+01:00,0,0,0,0,0,0,0,0,0,0,0,0,0,0,0,0,0,0,0,0,0,0,0
2025-03-02T04:10:00+01:00,2025-03-02T04:15:00+01:00,0,0,0,1,0,0,0,0,0,0,0,0,0,0,0,0,0,0,0,0,0,0,0
2025-03-02T04:15:00+01:00,2025-03-02T04:20:00+01:00,0,0,0,0,0,0,0,0,0,0,0,0,0,0,0,0,0,0,0,0,0,1,0
2025-03-02T04:20:00+01:00,2025-03-02T04:25:00+01:00,0,0,0,0,0,0,0,0,0,0,0,0,0,0,0,0,0,0,0,0,0,0,0
2025-03-02T04:25:00+01:00,2025-03-02T04:30:00+01:00,0,0,0,1,0,0,0,0,0,0,0,0,0,0,0,0,0,0,0,0,0,0,0
2025-03-02T04:30:00+01:00,2025-03-02T04:35:00+01:00,0,0,0,0,0,0,0,0,0,0,0,0,0,0,0,0,0,0,0,0,0,0,0
2025-03-02T04:35:00+01:00,2025-03-02T04:40:00+01:00,0,0,0,1,0,0,0,0,0,0,0,0,1,0,0,0,0,0,0,0,0,0,0
2025-03-02T04:40:00+01:00,2025-03-02T04:45:00+01:00,0,0,0,1,0,0,0,0,0,0,0,0,0,0,0,0,0,0,0,0,0,0,0
2025-03-02T04:45:00+01:00,2025-03-02T04:50:00+01:00,0,0,0,0,0,0,0,0,0,0,0,0,0,0,0,0,0,0,0,0,0,0,0
2025-03-02T04:50:00+01:00,2025-03-02T04:55:00+01:00,0,0,0,1,0,0,0,0,0,0,0,0,0,0,0,0,0,0,0,0,0,0,0
2025-03-02T04:55:00+01:00,2025-03-02T05:00:00+01:00,0,0,0,0,0,0,0,0,0,0,0,0,0,0,0,0,0,0,0,0,0,0,0
2025-03-02T05:00:00+01:00,2025-03-02T05:05:00+01:00,0,0,0,1,0,0,0,0,0,0,0,0,0,0,0,0,0,0,0,0,0,0,0
2025-03-02T05:05:00+01:00,2025-03-02T05:10:00+01:00,0,0,0,0,0,0,0,0,0,1,0,0,0,0,0,0,0,0,0,0,0,0,0
2025-03-02T05:10:00+01:00,2025-03-02T05:15:00+01:00,0,0,0,1,0,0,0,0,0,0,0,0,0,0,0,0,0,0,0,0,0,0,0
2025-03-02T05:15:00+01:00,2025-03-02T05:20:00+01:00,0,0,0,2,0,0,0,0,0,0,0,0,0,0,0,0,0,0,0,0,0,0,0
2025-03-02T05:20:00+01:00,2025-03-02T05:25:00+01:00,0,0,0,2,0,0,0,0,0,0,0,0,0,0,0,0,0,0,0,0,0,0,0
2025-03-02T05:25:00+01:00,2025-03-02T05:30:00+01:00,0,0,0,2,0,0,0,0,0,0,0,0,0,0,0,0,0,0,0,0,0,0,0
2025-03-02T05:30:00+01:00,2025-03-02T05:35:00+01:00,0,0,0,1,0,0,0,0,0,0,0,0,0,0,0,0,0,0,0,0,0,0,0
2025-03-02T05:35:00+01:00,2025-03-02T05:40:00+01:00,0,0,0,0,0,0,0,0,0,0,0,0,0,0,0,0,0,0,0,0,0,0,0
2025-03-02T05:40:00+01:00,2025-03-02T05:45:00+01:00,0,0,0,1,0,0,0,0,0,0,0,0,0,0,0,0,0,0,0,0,0,0,0
2025-03-02T05:45:00+01:00,2025-03-02T05:50:00+01:00,0,0,0,0,0,0,0,0,0,0,0,0,0,0,0,0,0,0,0,0,0,0,0
2025-03-02T05:50:00+01:00,2025-03-02T05:55:00+01:00,0,0,0,0,0,0,0,0,0,0,0,0,0,0,0,0,0,0,0,0,0,0,0
2025-03-02T05:55:00+01:00,2025-03-02T06:00:00+01:00,0,0,0,0,0,0,0,0,0,0,0,0,0,0,0,0,0,0,0,0,0,0,0
2025-03-02T06:00:00+01:00,2025-03-02T06:05:00+01:00,0,0,0,1,0,0,0,0,0,0,0,0,0,0,0,0,0,0,0,0,0,0,0
2025-03-02T06:05:00+01:00,2025-03-02T06:10:00+01:00,0,0,0,0,0,0,0,0,0,0,0,0,0,0,0,0,0,0,0,0,0,0,0
2025-03-02T06:10:00+01:00,2025-03-02T06:15:00+01:00,0,1,1,1,0,0,0,0,0,0,0,0,0,0,0,0,0,0,0,0,0,0,0
2025-03-02T06:15:00+01:00,2025-03-02T06:20:00+01:00,0,0,0,0,0,0,0,0,0,0,0,0,0,0,0,0,0,0,0,0,0,0,0
2025-03-02T06:20:00+01:00,2025-03-02T06:25:00+01:00,0,0,0,0,0,0,0,0,0,0,0,0,0,0,0,0,0,0,0,0,0,0,0
2025-03-02T06:25:00+01:00,2025-03-02T06:30:00+01:00,0,0,0,1,0,0,0,0,0,0,0,0,0,0,0,0,0,0,0,0,0,0,0
2025-03-02T06:30:00+01:00,2025-03-02T06:35:00+01:00,0,0,0,0,0,0,0,0,0,0,0,0,0,0,0,0,0,0,0,0,0,0,0
2025-03-02T06:35:00+01:00,2025-03-02T06:40:00+01:00,0,0,0,1,0,0,0,0,0,0,0,0,0,0,0,0,0,0,0,0,0,0,0
2025-03-02T06:40:00+01:00,2025-03-02T06:45:00+01:00,0,0,0,3,0,0,0,0,0,0,0,0,0,0,0,0,0,0,0,0,0,0,0
2025-03-02T06:45:00+01:00,2025-03-02T06:50:00+01:00,0,0,0,1,0,0,0,0,0,0,0,0,0,0,0,0,0,0,0,0,0,0,0
2025-03-02T06:50:00+01:00,2025-03-02T06:55:00+01:00,0,0,0,1,0,0,0,0,1,0,0,0,0,0,0,0,0,0,0,0,0,0,0
2025-03-02T06:55:00+01:00,2025-03-02T07:00:00+01:00,0,0,0,3,0,0,0,0,0,0,0,0,0,0,0,0,0,0,0,0,0,0,0
2025-03-02T07:00:00+01:00,2025-03-02T07:05:00+01:00,0,0,0,1,0,0,0,0,0,0,0,0,0,0,0,0,0,0,0,0,0,0,0
2025-03-02T07:05:00+01:00,2025-03-02T07:10:00+01:00,0,0,0,1,0,0,0,0,0,0,0,0,0,0,0,0,0,0,0,0,0,0,0
2025-03-02T07:10:00+01:00,2025-03-02T07:15:00+01:00,0,0,0,2,0,0,0,0,0,0,0,0,0,0,0,0,0,0,0,0,0,0,0
2025-03-02T07:15:00+01:00,2025-03-02T07:20:00+01:00,0,0,0,2,0,0,0,0,1,0,0,0,0,0,0,0,0,0,0,0,0,0,0
2025-03-02T07:20:00+01:00,2025-03-02T07:25:00+01:00,0,0,0,2,0,0,0,0,0,0,0,0,0,0,0,0,0,0,0,0,0,0,0
2025-03-02T07:25:00+01:00,2025-03-02T07:30:00+01:00,0,0,0,1,0,0,0,0,0,0,0,0,0,0,0,0,0,0,0,0,0,0,0
2025-03-02T07:30:00+01:00,2025-03-02T07:35:00+01:00,0,0,0,0,0,0,0,0,0,0,0,0,0,0,0,0,0,0,0,0,0,0,0
2025-03-02T07:35:00+01:00,2025-03-02T07:40:00+01:00,0,0,0,0,0,0,0,0,0,0,0,0,1,0,0,0,0,0,0,0,0,0,0
2025-03-02T07:40:00+01:00,2025-03-02T07:45:00+01:00,0,0,0,2,0,0,0,0,0,0,0,0,1,0,0,0,0,0,0,0,0,0,0
2025-03-02T07:45:00+01:00,2025-03-02T07:50:00+01:00,0,0,0,1,0,0,0,0,0,0,0,0,0,0,0,0,0,0,0,0,0,0,0
2025-03-02T07:50:00+01:00,2025-03-02T07:55:00+01:00,0,0,0,1,0,0,0,0,0,0,0,0,0,0,0,0,0,0,0,0,0,1,0
2025-03-02T07:55:00+01:00,2025-03-02T08:00:00+01:00,0,0,1,3,0,0,0,0,0,0,0,0,0,0,0,0,0,0,0,0,0,0,0
2025-03-02T08:00:00+01:00,2025-03-02T08:05:00+01:00,0,0,0,2,0,0,0,0,0,0,0,0,0,0,0,0,0,0,0,0,0,0,0
2025-03-02T08:05:00+01:00,2025-03-02T08:10:00+01:00,0,0,0,3,0,0,0,0,0,0,0,0,0,0,0,0,0,0,0,0,0,0,0
2025-03-02T08:10:00+01:00,2025-03-02T08:15:00+01:00,0,0,0,2,0,0,0,0,0,0,0,0,0,0,0,0,0,0,0,0,0,0,0
2025-03-02T08:15:00+01:00,2025-03-02T08:20:00+01:00,0,0,1,4,0,0,0,0,0,0,0,0,0,0,0,0,0,0,0,0,0,0,0
2025-03-02T08:20:00+01:00,2025-03-02T08:25:00+01:00,0,1,1,3,0,0,0,0,0,0,0,0,0,0,0,0,0,0,0,0,0,1,0
2025-03-02T08:25:00+01:00,2025-03-02T08:30:00+01:00,0,0,0,1,0,0,0,0,0,0,0,0,1,0,0,0,0,0,0,0,0,0,0
2025-03-02T08:30:00+01:00,2025-03-02T08:35:00+01:00,0,0,0,1,0,0,0,0,0,0,0,0,0,0,0,0,0,0,0,0,0,0,0
2025-03-02T08:35:00+01:00,2025-03-02T08:40:00+01:00,0,1,0,1,0,0,0,0,0,0,0,0,0,0,0,0,0,0,0,0,0,0,0
2025-03-02T08:40:00+01:00,2025-03-02T08:45:00+01:00,0,0,0,4,0,0,0,0,0,0,0,0,0,0,0,0,0,0,0,0,0,0,0
2025-03-02T08:45:00+01:00,2025-03-02T08:50:00+01:00,0,0,0,7,0,0,0,0,0,0,0,0,0,0,0,0,0,0,0,0,0,0,0
2025-03-02T08:50:00+01:00,2025-03-02T08:55:00+01:00,0,0,0,3,0,0,0,0,0,0,0,0,0,0,0,0,0,0,0,0,0,0,0
2025-03-02T08:55:00+01:00,2025-03-02T09:00:00+01:00,0,0,0,1,0,0,0,0,0,0,0,0,0,0,0,0,0,0,0,0,0,0,0
2025-03-02T09:00:00+01:00,2025-03-02T09:05:00+01:00,0,0,0,2,0,0,0,0,0,0,0,0,1,0,0,0,0,0,0,0,0,0,0
2025-03-02T09:05:00+01:00,2025-03-02T09:10:00+01:00,0,0,0,2,0,0,0,0,0,0,0,0,0,0,0,0,0,0,0,0,0,0,0
2025-03-02T09:10:00+01:00,2025-03-02T09:15:00+01:00,0,0,0,5,0,0,0,0,0,0,0,0,0,0,0,0,0,0,0,0,0,0,0
2025-03-02T09:15:00+01:00,2025-03-02T09:20:00+01:00,0,0,0,4,0,0,0,0,0,0,0,0,0,0,0,0,0,0,0,0,0,1,0
2025-03-02T09:20:00+01:00,2025-03-02T09:25:00+01:00,0,0,0,4,0,0,0,0,0,0,0,0,0,0,0,0,0,0,0,0,0,0,0
2025-03-02T09:25:00+01:00,2025-03-02T09:30:00+01:00,0,0,0,4,0,0,0,0,0,0,0,0,0,0,0,0,0,0,0,0,0,0,0
2025-03-02T09:30:00+01:00,2025-03-02T09:35:00+01:00,0,0,0,5,0,0,0,0,0,0,0,0,1,0,0,0,0,0,0,0,0,0,0
2025-03-02T09:35:00+01:00,2025-03-02T09:40:00+01:00,0,0,0,3,0,0,0,0,0,0,0,0,0,0,0,0,0,0,0,0,0,0,0
2025-03-02T09:40:00+01:00,2025-03-02T09:45:00+01:00,0,0,0,1,0,0,0,0,1,0,0,0,0,0,0,0,0,0,0,0,0,0,0
2025-03-02T09:45:00+01:00,2025-03-02T09:50:00+01:00,0,0,0,7,0,0,0,0,0,1,0,0,1,0,0,0,0,0,0,0,0,0,0
2025-03-02T09:50:00+01:00,2025-03-02T09:55:00+01:00,0,0,0,4,0,0,0,0,0,0,0,0,0,0,0,0,0,0,0,0,0,0,0
2025-03-02T09:55:00+01:00,2025-03-02T10:00:00+01:00,0,0,0,8,0,0,0,0,0,0,0,0,2,0,0,0,0,0,0,0,0,0,0
2025-03-02T10:00:00+01:00,2025-03-02T10:05:00+01:00,0,0,0,9,0,0,0,0,0,0,0,0,0,0,0,0,0,0,0,0,0,0,0
2025-03-02T10:05:00+01:00,2025-03-02T10:10:00+01:00,0,0,0,4,0,0,0,0,0,0,0,0,3,0,0,0,0,0,0,0,0,0,0
2025-03-02T10:10:00+01:00,2025-03-02T10:15:00+01:00,0,0,0,3,0,0,0,0,0,0,0,0,0,0,0,0,0,0,0,0,0,0,0
2025-03-02T10:15:00+01:00,2025-03-02T10:20:00+01:00,0,0,0,5,0,0,0,0,0,0,0,0,4,0,0,0,0,0,0,0,0,0,0
2025-03-02T10:20:00+01:00,2025-03-02T10:25:00+01:00,0,0,0,3,0,0,0,0,0,0,0,0,1,0,0,0,0,0,0,0,0,1,0
2025-03-02T10:25:00+01:00,2025-03-02T10:30:00+01:00,0,1,0,3,0,0,0,0,0,0,0,0,0,0,0,0,0,0,0,0,0,1,0
2025-03-02T10:30:00+01:00,2025-03-02T10:35:00+01:00,0,0,0,8,0,0,0,0,0,0,0,0,0,0,0,0,0,0,0,0,0,0,0
2025-03-02T10:35:00+01:00,2025-03-02T10:40:00+01:00,0,0,0,3,0,0,0,0,0,0,0,0,0,0,0,0,0,0,0,0,0,0,0
2025-03-02T10:40:00+01:00,2025-03-02T10:45:00+01:00,0,0,0,3,0,0,0,0,0,0,0,0,2,0,0,0,0,0,0,0,0,0,0
2025-03-02T10:45:00+01:00,2025-03-02T10:50:00+01:00,0,0,0,2,0,0,0,0,0,0,0,0,1,0,0,0,0,0,0,0,0,0,0
2025-03-02T10:50:00+01:00,2025-03-02T10:55:00+01:00,0,1,0,7,0,0,0,0,0,0,0,0,1,0,0,0,0,0,0,0,0,0,0
2025-03-02T10:55:00+01:00,2025-03-02T11:00:00+01:00,0,0,0,7,0,0,0,0,0,0,0,0,1,0,0,0,0,0,0,0,0,0,0
2025-03-02T11:00:00+01:00,2025-03-02T11:05:00+01:00,0,1,0,7,0,0,0,0,0,0,0,0,3,0,0,0,0,0,0,0,0,0,0
2025-03-02T11:05:00+01:00,2025-03-02T11:10:00+01:00,0,0,0,4,0,0,0,0,0,0,0,0,0,0,0,0,0,0,0,0,0,0,0
2025-03-02T11:10:00+01:00,2025-03-02T11:15:00+01:00,0,0,0,5,1,0,0,0,0,0,0,0,0,0,0,0,0,0,0,0,0,1,0
2025-03-02T11:15:00+01:00,2025-03-02T11:20:00+01:00,0,0,0,1,0,0,0,0,0,0,0,0,0,0,0,0,0,0,0,0,0,1,0
2025-03-02T11:20:00+01:00,2025-03-02T11:25:00+01:00,0,0,0,6,0,0,0,0,0,0,0,0,0,0,0,0,0,0,0,0,0,0,0
2025-03-02T11:25:00+01:00,2025-03-02T11:30:00+01:00,0,1,0,5,0,0,0,0,0,0,0,0,0,0,0,0,0,0,0,0,0,0,0
2025-03-02T11:30:00+01:00,2025-03-02T11:35:00+01:00,0,2,0,10,0,0,0,0,0,0,0,0,0,0,0,0,0,0,0,0,0,0,0
2025-03-02T11:35:00+01:00,2025-03-02T11:40:00+01:00,0,0,0,4,0,0,0,0,0,0,0,0,1,1,0,0,0,0,0,0,0,0,0
2025-03-02T11:40:00+01:00,2025-03-02T11:45:00+01:00,0,0,0,3,0,0,0,0,0,0,0,0,0,0,0,0,0,0,0,0,0,0,0
2025-03-02T11:45:00+01:00,2025-03-02T11:50:00+01:00,0,1,0,6,0,0,0,0,0,0,0,0,0,0,0,0,0,0,0,0,0,0,0
2025-03-02T11:50:00+01:00,2025-03-02T11:55:00+01:00,0,0,0,3,0,0,0,0,0,0,0,0,0,0,0,0,0,0,0,0,0,2,0
2025-03-02T11:55:00+01:00,2025-03-02T12:00:00+01:00,0,0,0,3,0,0,0,0,0,0,0,0,0,0,0,0,0,0,0,0,0,0,0
2025-03-02T12:00:00+01:00,2025-03-02T12:05:00+01:00,0,0,0,4,0,0,0,0,0,0,0,0,1,0,0,0,0,0,0,0,0,0,0
2025-03-02T12:05:00+01:00,2025-03-02T12:10:00+01:00,0,0,0,2,0,0,0,0,0,0,0,0,0,0,0,0,0,0,0,0,0,1,0
2025-03-02T12:10:00+01:00,2025-03-02T12:15:00+01:00,0,0,0,5,0,0,0,0,0,0,0,0,0,0,0,0,0,0,0,0,0,0,0
2025-03-02T12:15:00+01:00,2025-03-02T12:20:00+01:00,0,0,0,9,0,0,0,0,0,0,0,0,0,0,0,0,0,0,0,0,0,1,0
2025-03-02T12:20:00+01:00,2025-03-02T12:25:00+01:00,0,0,1,5,0,0,0,0,0,0,0,0,0,0,0,0,0,0,0,0,0,0,0
2025-03-02T12:25:00+01:00,2025-03-02T12:30:00+01:00,0,0,0,16,0,0,0,0,0,0,0,0,0,0,0,0,0,0,0,0,0,0,0
2025-03-02T12:30:00+01:00,2025-03-02T12:35:00+01:00,0,0,0,3,0,0,0,0,0,0,0,0,0,0,0,0,0,0,0,0,0,0,0
2025-03-02T12:35:00+01:00,2025-03-02T12:40:00+01:00,0,0,0,4,0,0,0,0,0,1,0,0,1,0,0,0,0,0,0,0,0,0,0
2025-03-02T12:40:00+01:00,2025-03-02T12:45:00+01:00,0,0,0,10,0,0,0,0,0,0,0,0,0,0,0,0,0,0,0,0,0,1,0
2025-03-02T12:45:00+01:00,2025-03-02T12:50:00+01:00,0,0,0,9,1,0,0,0,0,0,0,0,0,0,0,0,0,0,0,0,0,0,0
2025-03-02T12:50:00+01:00,2025-03-02T12:55:00+01:00,0,0,0,4,0,0,0,0,0,0,0,0,0,0,0,0,0,0,0,0,0,0,0
2025-03-02T12:55:00+01:00,2025-03-02T13:00:00+01:00,0,0,0,3,0,0,0,0,0,0,0,0,1,0,0,0,0,0,0,0,0,0,0
2025-03-02T13:00:00+01:00,2025-03-02T13:05:00+01:00,0,0,0,4,0,0,0,0,0,0,0,0,1,0,0,0,0,0,0,0,0,0,0
2025-03-02T13:05:00+01:00,2025-03-02T13:10:00+01:00,0,1,0,6,0,0,0,0,0,0,0,0,1,0,0,0,0,0,0,0,0,0,0
2025-03-02T13:10:00+01:00,2025-03-02T13:15:00+01:00,0,0,0,3,0,0,0,0,0,0,0,0,0,0,0,0,0,0,0,0,0,0,0
2025-03-02T13:15:00+01:00,2025-03-02T13:20:00+01:00,0,0,0,7,0,0,0,0,0,0,0,0,0,0,0,0,0,0,0,0,0,0,0
2025-03-02T13:20:00+01:00,2025-03-02T13:25:00+01:00,0,1,0,5,0,0,0,0,0,0,0,0,0,0,0,0,0,0,0,0,0,0,0
2025-03-02T13:25:00+01:00,2025-03-02T13:30:00+01:00,0,0,0,7,0,0,0,0,0,0,0,0,1,0,0,0,0,0,0,0,0,1,0
2025-03-02T13:30:00+01:00,2025-03-02T13:35:00+01:00,0,0,0,7,0,0,0,0,0,0,0,0,0,0,0,0,0,0,0,0,0,0,0
2025-03-02T13:35:00+01:00,2025-03-02T13:40:00+01:00,0,0,0,9,0,0,0,0,0,0,0,0,1,0,0,0,0,0,0,0,0,0,0
2025-03-02T13:40:00+01:00,2025-03-02T13:45:00+01:00,0,0,0,4,0,0,0,0,0,0,0,0,1,0,0,0,0,0,0,0,0,0,0
2025-03-02T13:45:00+01:00,2025-03-02T13:50:00+01:00,0,0,0,8,0,0,0,0,0,0,0,0,1,0,0,0,0,0,0,0,0,0,0
2025-03-02T13:50:00+01:00,2025-03-02T13:55:00+01:00,0,1,0,4,0,0,0,0,0,0,0,0,3,0,0,0,0,0,0,0,0,0,0
2025-03-02T13:55:00+01:00,2025-03-02T14:00:00+01:00,0,0,0,4,0,0,0,0,0,0,0,0,1,0,0,0,0,0,0,0,0,0,0
2025-03-02T14:00:00+01:00,2025-03-02T14:05:00+01:00,0,0,0,4,0,0,0,0,0,0,0,0,1,0,0,0,0,0,0,0,0,1,0
2025-03-02T14:05:00+01:00,2025-03-02T14:10:00+01:00,0,0,0,11,0,0,0,0,0,0,1,0,0,0,0,0,0,0,0,0,0,0,0
2025-03-02T14:10:00+01:00,2025-03-02T14:15:00+01:00,0,0,1,9,0,0,0,0,0,0,0,0,2,0,0,0,0,0,0,0,0,1,0
2025-03-02T14:15:00+01:00,2025-03-02T14:20:00+01:00,0,1,0,4,0,0,0,0,0,0,0,0,1,0,0,0,0,0,0,0,0,0,0
2025-03-02T14:20:00+01:00,2025-03-02T14:25:00+01:00,0,0,1,4,0,0,0,0,0,0,0,0,1,0,0,0,0,0,0,0,0,1,0
2025-03-02T14:25:00+01:00,2025-03-02T14:30:00+01:00,0,1,0,12,0,0,0,0,0,0,0,0,0,0,0,0,0,0,0,0,0,0,0
2025-03-02T14:30:00+01:00,2025-03-02T14:35:00+01:00,0,0,0,5,0,0,0,0,0,0,0,0,0,0,0,0,0,0,0,0,0,0,0
2025-03-02T14:35:00+01:00,2025-03-02T14:40:00+01:00,0,0,0,10,1,0,0,0,0,0,0,0,2,0,0,0,0,0,0,0,0,0,0
2025-03-02T14:40:00+01:00,2025-03-02T14:45:00+01:00,0,0,0,5,0,0,0,0,0,0,0,0,1,0,0,0,0,0,0,0,0,0,0
2025-03-02T14:45:00+01:00,2025-03-02T14:50:00+01:00,0,0,0,9,0,0,0,0,0,0,0,0,2,0,0,0,0,0,0,0,0,1,0
2025-03-02T14:50:00+01:00,2025-03-02T14:55:00+01:00,0,0,0,10,0,0,0,0,0,0,0,0,0,0,0,0,0,0,0,0,0,1,0
2025-03-02T14:55:00+01:00,2025-03-02T15:00:00+01:00,0,0,0,11,0,0,0,0,0,0,0,0,1,0,0,0,0,0,0,0,0,0,0
2025-03-02T15:00:00+01:00,2025-03-02T15:05:00+01:00,0,0,0,4,0,0,0,0,0,0,0,0,0,0,0,0,0,0,0,0,0,0,0
2025-03-02T15:05:00+01:00,2025-03-02T15:10:00+01:00,0,0,0,3,0,0,0,0,0,0,0,0,0,0,0,0,0,0,0,0,0,1,0
2025-03-02T15:10:00+01:00,2025-03-02T15:15:00+01:00,0,0,0,11,0,0,0,0,0,0,0,0,0,0,0,0,0,0,0,0,0,0,0
2025-03-02T15:15:00+01:00,2025-03-02T15:20:00+01:00,0,0,0,9,0,0,0,0,0,0,0,0,0,0,0,0,0,0,0,0,0,0,0
2025-03-02T15:20:00+01:00,2025-03-02T15:25:00+01:00,0,0,1,8,0,0,0,0,0,0,0,0,0,0,0,0,0,0,0,0,0,0,0
2025-03-02T15:25:00+01:00,2025-03-02T15:30:00+01:00,0,0,0,4,0,0,0,0,0,0,0,0,1,0,0,0,0,0,0,0,0,0,0
2025-03-02T15:30:00+01:00,2025-03-02T15:35:00+01:00,0,0,0,8,0,0,0,0,0,0,0,0,1,0,0,0,0,0,0,0,0,1,0
2025-03-02T15:35:00+01:00,2025-03-02T15:40:00+01:00,0,0,0,10,0,0,0,0,0,0,0,0,0,0,0,0,0,0,0,0,0,0,0
2025-03-02T15:40:00+01:00,2025-03-02T15:45:00+01:00,0,0,0,9,0,0,0,0,0,0,0,0,0,0,0,0,0,0,0,0,0,0,0
2025-03-02T15:45:00+01:00,2025-03-02T15:50:00+01:00,0,0,0,8,0,0,0,0,0,0,0,0,1,0,0,0,0,0,0,0,0,0,0
2025-03-02T15:50:00+01:00,2025-03-02T15:55:00+01:00,0,1,0,9,0,0,0,0,0,0,0,0,2,0,0,0,0,0,0,0,0,0,0
2025-03-02T15:55:00+01:00,2025-03-02T16:00:00+01:00,0,1,0,11,0,0,0,0,0,0,0,0,1,0,0,0,0,0,0,0,0,0,0
2025-03-02T16:00:00+01:00,2025-03-02T16:05:00+01:00,0,0,0,8,0,0,0,0,0,0,0,0,1,0,0,0,0,0,0,0,0,1,0
2025-03-02T16:05:00+01:00,2025-03-02T16:10:00+01:00,0,0,0,8,0,0,0,0,0,0,0,0,2,0,0,0,0,0,0,0,0,0,0
2025-03-02T16:10:00+01:00,2025-03-02T16:15:00+01:00,0,3,0,9,0,0,0,0,0,0,0,0,1,0,0,0,0,0,0,0,0,0,0
2025-03-02T16:15:00+01:00,2025-03-02T16:20:00+01:00,0,0,0,8,0,0,0,0,0,0,0,0,2,0,0,0,0,0,0,0,0,0,0
2025-03-02T16:20:00+01:00,2025-03-02T16:25:00+01:00,0,0,0,13,1,0,0,0,0,0,0,0,0,0,0,0,0,0,0,0,0,0,0
2025-03-02T16:25:00+01:00,2025-03-02T16:30:00+01:00,0,0,1,7,0,0,0,0,0,0,0,0,0,0,0,0,0,0,0,0,0,1,0
2025-03-02T16:30:00+01:00,2025-03-02T16:35:00+01:00,0,1,0,6,0,0,0,0,0,0,0,0,0,0,0,0,0,0,0,0,0,0,0
2025-03-02T16:35:00+01:00,2025-03-02T16:40:00+01:00,0,0,0,10,0,0,0,0,0,1,0,0,2,0,0,0,0,0,0,0,0,0,0
2025-03-02T16:40:00+01:00,2025-03-02T16:45:00+01:00,0,0,0,9,0,0,0,0,0,0,0,0,1,0,0,0,0,0,0,0,0,0,0
2025-03-02T16:45:00+01:00,2025-03-02T16:50:00+01:00,0,0,0,8,0,0,0,0,0,0,0,0,0,0,0,0,0,0,0,0,0,0,0
2025-03-02T16:50:00+01:00,2025-03-02T16:55:00+01:00,0,0,0,5,0,0,0,0,0,0,0,0,0,0,0,0,0,0,0,0,0,0,0
2025-03-02T16:55:00+01:00,2025-03-02T17:00:00+01:00,0,0,0,7,0,0,0,0,0,0,0,0,0,0,0,0,0,0,0,0,0,0,0
2025-03-02T17:00:00+01:00,2025-03-02T17:05:00+01:00,0,0,0,5,0,0,0,0,0,0,0,0,0,0,0,0,0,0,0,0,0,0,0
2025-03-02T17:05:00+01:00,2025-03-02T17:10:00+01:00,0,0,0,7,0,0,0,0,0,0,0,0,0,0,0,0,0,0,0,0,0,1,0
2025-03-02T17:10:00+01:00,2025-03-02T17:15:00+01:00,0,0,0,8,2,0,0,0,0,0,0,0,2,0,0,0,0,0,0,0,0,0,0
2025-03-02T17:15:00+01:00,2025-03-02T17:20:00+01:00,0,0,0,10,0,0,0,0,0,0,0,0,2,0,0,0,0,0,0,0,0,0,0
2025-03-02T17:20:00+01:00,2025-03-02T17:25:00+01:00,0,0,2,9,0,0,0,0,0,0,0,0,1,0,0,0,0,0,0,0,0,0,0
2025-03-02T17:25:00+01:00,2025-03-02T17:30:00+01:00,0,0,0,10,0,0,0,0,0,0,0,0,0,0,0,0,0,0,0,0,0,0,0
2025-03-02T17:30:00+01:00,2025-03-02T17:35:00+01:00,0,0,0,6,0,0,0,0,0,0,0,0,1,0,0,0,0,0,0,0,0,0,0
2025-03-02T17:35:00+01:00,2025-03-02T17:40:00+01:00,0,0,0,7,0,0,0,0,0,0,0,0,0,0,0,0,0,0,0,0,0,1,0
2025-03-02T17:40:00+01:00,2025-03-02T17:45:00+01:00,0,0,0,6,0,0,0,0,0,0,0,0,0,0,0,0,0,0,0,0,0,2,0
2025-03-02T17:45:00+01:00,2025-03-02T17:50:00+01:00,0,0,0,7,0,0,0,0,0,0,0,0,0,0,0,0,0,0,0,0,0,0,0
2025-03-02T17:50:00+01:00,2025-03-02T17:55:00+01:00,0,0,0,12,1,0,0,0,0,0,0,0,0,0,0,0,0,0,0,0,0,0,0
2025-03-02T17:55:00+01:00,2025-03-02T18:00:00+01:00,0,0,0,12,0,0,0,0,0,0,0,0,0,0,0,0,0,0,0,0,0,0,0
2025-03-02T18:00:00+01:00,2025-03-02T18:05:00+01:00,0,2,0,11,0,0,0,0,0,0,0,0,2,0,0,0,0,0,0,0,0,0,0
2025-03-02T18:05:00+01:00,2025-03-02T18:10:00+01:00,0,0,0,6,0,0,0,0,0,0,0,0,0,0,0,0,0,0,0,0,0,0,0
2025-03-02T18:10:00+01:00,2025-03-02T18:15:00+01:00,0,0,0,5,0,0,0,0,0,0,0,0,1,0,0,0,0,0,0,0,0,0,0
2025-03-02T18:15:00+01:00,2025-03-02T18:20:00+01:00,0,0,0,3,0,0,0,0,0,0,0,0,0,0,0,0,0,0,0,0,0,0,0
2025-03-02T18:20:00+01:00,2025-03-02T18:25:00+01:00,0,1,1,9,0,0,0,0,0,0,0,0,0,0,0,0,0,0,0,0,0,0,0
2025-03-02T18:25:00+01:00,2025-03-02T18:30:00+01:00,0,0,1,8,0,0,0,0,0,0,0,0,2,0,0,0,0,0,0,0,0,0,0
2025-03-02T18:30:00+01:00,2025-03-02T18:35:00+01:00,0,0,0,13,0,0,0,0,0,0,0,0,0,0,0,0,0,0,0,0,0,2,0
2025-03-02T18:35:00+01:00,2025-03-02T18:40:00+01:00,0,0,0,5,1,0,0,0,0,0,0,0,0,0,0,0,0,0,0,0,0,1,0
2025-03-02T18:40:00+01:00,2025-03-02T18:45:00+01:00,0,0,0,7,0,0,0,0,0,0,0,0,0,0,0,0,0,0,0,0,0,0,0
2025-03-02T18:45:00+01:00,2025-03-02T18:50:00+01:00,0,0,0,5,0,0,0,0,0,0,0,0,1,0,0,0,0,0,0,0,0,0,0
2025-03-02T18:50:00+01:00,2025-03-02T18:55:00+01:00,0,0,1,7,0,0,0,0,0,0,0,0,0,0,0,0,0,0,0,0,0,0,0
2025-03-02T18:55:00+01:00,2025-03-02T19:00:00+01:00,0,0,0,6,0,0,0,0,0,0,0,0,0,0,0,0,0,0,0,0,0,0,0
2025-03-02T19:00:00+01:00,2025-03-02T19:05:00+01:00,0,0,0,6,0,0,0,0,0,0,0,0,0,0,0,0,0,0,0,0,0,0,0
2025-03-02T19:05:00+01:00,2025-03-02T19:10:00+01:00,0,0,0,2,0,0,0,0,0,1,0,0,0,0,0,0,0,0,0,0,0,0,0
2025-03-02T19:10:00+01:00,2025-03-02T19:15:00+01:00,0,0,0,6,0,0,0,0,0,0,0,0,0,0,0,0,0,0,0,0,0,0,0
2025-03-02T19:15:00+01:00,2025-03-02T19:20:00+01:00,0,0,0,3,0,0,0,0,0,0,0,0,0,0,0,0,0,0,0,0,0,0,0
2025-03-02T19:20:00+01:00,2025-03-02T19:25:00+01:00,0,0,1,4,0,0,0,0,0,0,0,0,0,0,0,0,0,0,0,0,0,0,0
2025-03-02T19:25:00+01:00,2025-03-02T19:30:00+01:00,0,0,0,7,0,0,0,0,0,0,0,0,0,0,0,0,0,0,0,0,0,0,0
2025-03-02T19:30:00+01:00,2025-03-02T19:35:00+01:00,0,0,0,2,0,0,0,0,0,0,0,0,0,0,0,0,0,0,0,0,0,1,0
2025-03-02T19:35:00+01:00,2025-03-02T19:40:00+01:00,0,0,0,4,0,0,0,0,0,0,0,0,0,0,0,0,0,0,0,0,0,0,0
2025-03-02T19:40:00+01:00,2025-03-02T19:45:00+01:00,0,0,0,3,0,0,0,0,0,0,0,0,0,0,0,0,0,0,0,0,0,1,0
2025-03-02T19:45:00+01:00,2025-03-02T19:50:00+01:00,0,0,0,5,0,0,0,0,0,0,0,0,0,0,0,0,0,0,0,0,0,0,0
2025-03-02T19:50:00+01:00,2025-03-02T19:55:00+01:00,0,0,0,3,0,0,0,0,0,0,0,0,0,0,0,0,0,0,0,0,0,0,0
2025-03-02T19:55:00+01:00,2025-03-02T20:00:00+01:00,0,0,0,4,0,0,0,0,0,0,0,0,1,0,0,0,0,0,0,0,0,0,0
2025-03-02T20:00:00+01:00,2025-03-02T20:05:00+01:00,0,0,0,1,0,0,0,0,0,0,0,0,0,0,0,0,0,0,0,0,0,0,0
2025-03-02T20:05:00+01:00,2025-03-02T20:10:00+01:00,0,0,0,3,0,0,0,0,0,0,0,0,0,0,0,0,0,0,0,0,0,0,0
2025-03-02T20:10:00+01:00,2025-03-02T20:15:00+01:00,0,0,0,6,0,0,0,0,0,0,0,0,0,0,0,0,0,0,0,0,0,0,0
2025-03-02T20:15:00+01:00,2025-03-02T20:20:00+01:00,0,0,0,6,0,0,0,0,0,0,0,0,0,0,0,0,0,0,0,0,0,0,0
2025-03-02T20:20:00+01:00,2025-03-02T20:25:00+01:00,0,0,0,6,0,0,0,0,0,0,0,0,0,0,0,0,0,0,0,0,0,0,0
2025-03-02T20:25:00+01:00,2025-03-02T20:30:00+01:00,0,0,0,2,0,0,0,0,0,0,0,0,0,0,0,0,0,0,0,0,0,0,0
2025-03-02T20:30:00+01:00,2025-03-02T20:35:00+01:00,0,0,0,2,0,0,0,0,0,0,0,0,0,0,0,0,0,0,0,0,0,0,0
2025-03-02T20:35:00+01:00,2025-03-02T20:40:00+01:00,0,0,0,2,0,0,0,0,0,0,0,0,0,0,0,0,0,0,0,0,0,0,0
2025-03-02T20:40:00+01:00,2025-03-02T20:45:00+01:00,0,0,0,3,0,0,0,0,0,0,0,0,0,0,0,0,0,0,0,0,0,0,0
2025-03-02T20:45:00+01:00,2025-03-02T20:50:00+01:00,0,0,0,2,0,0,0,0,0,0,0,0,0,0,0,0,0,0,0,0,0,0,0
2025-03-02T20:50:00+01:00,2025-03-02T20:55:00+01:00,0,0,1,0,0,0,0,0,0,0,0,0,0,0,0,0,0,0,0,0,0,0,0
2025-03-02T20:55:00+01:00,2025-03-02T21:00:00+01:00,0,0,1,0,0,0,0,0,0,0,0,0,0,0,0,0,0,0,0,0,0,0,0
2025-03-02T21:00:00+01:00,2025-03-02T21:05:00+01:00,0,0,0,1,0,0,0,0,0,0,0,0,0,0,0,0,0,0,0,0,0,0,0
2025-03-02T21:05:00+01:00,2025-03-02T21:10:00+01:00,0,0,0,3,0,0,0,0,0,0,0,0,0,0,0,0,0,0,0,0,0,0,0
2025-03-02T21:10:00+01:00,2025-03-02T21:15:00+01:00,0,0,0,2,0,0,0,0,0,1,0,0,0,0,0,0,0,0,0,0,0,0,0
2025-03-02T21:15:00+01:00,2025-03-02T21:20:00+01:00,0,0,0,0,0,0,0,0,0,0,0,0,0,0,0,0,0,0,0,0,0,0,0
2025-03-02T21:20:00+01:00,2025-03-02T21:25:00+01:00,0,0,0,4,0,0,0,0,0,0,0,0,0,0,0,0,0,0,0,0,0,0,0
2025-03-02T21:25:00+01:00,2025-03-02T21:30:00+01:00,0,0,1,0,0,0,0,0,0,0,0,0,0,0,0,0,0,0,0,0,0,0,0
2025-03-02T21:30:00+01:00,2025-03-02T21:35:00+01:00,0,0,0,0,0,0,0,0,0,0,0,0,0,0,0,0,0,0,0,0,0,0,0
2025-03-02T21:35:00+01:00,2025-03-02T21:40:00+01:00,0,0,0,1,0,0,0,0,0,0,0,0,0,0,0,0,0,0,0,0,0,1,0
2025-03-02T21:40:00+01:00,2025-03-02T21:45:00+01:00,0,0,0,2,0,0,0,0,0,0,0,0,0,0,0,0,0,0,0,0,0,0,0
2025-03-02T21:45:00+01:00,2025-03-02T21:50:00+01:00,0,0,0,2,0,0,0,0,0,0,0,0,0,0,0,0,0,0,0,0,0,0,0
2025-03-02T21:50:00+01:00,2025-03-02T21:55:00+01:00,0,0,0,2,0,0,0,0,0,0,0,0,0,0,0,0,0,0,0,0,0,0,0
2025-03-02T21:55:00+01:00,2025-03-02T22:00:00+01:00,0,0,0,3,0,0,0,0,1,0,0,0,0,0,0,0,0,0,0,0,0,0,0
2025-03-02T22:00:00+01:00,2025-03-02T22:05:00+01:00,0,0,0,1,0,0,0,0,0,0,0,0,0,0,0,0,0,0,0,0,0,0,0
2025-03-02T22:05:00+01:00,2025-03-02T22:10:00+01:00,0,0,0,1,0,0,0,0,0,0,0,0,1,0,0,0,0,0,0,0,0,0,0
2025-03-02T22:10:00+01:00,2025-03-02T22:15:00+01:00,0,0,0,5,0,0,0,0,0,0,0,0,0,0,0,0,0,0,0,0,0,0,0
2025-03-02T22:15:00+01:00,2025-03-02T22:20:00+01:00,0,0,0,3,0,0,0,0,0,0,0,0,0,0,0,0,0,0,0,0,0,0,0
2025-03-02T22:20:00+01:00,2025-03-02T22:25:00+01:00,0,0,0,2,0,0,0,0,0,0,0,0,0,0,0,0,0,0,0,0,0,0,0
2025-03-02T22:25:00+01:00,2025-03-02T22:30:00+01:00,0,0,0,0,0,0,0,0,0,0,0,0,0,0,0,0,0,0,0,0,0,0,0
2025-03-02T22:30:00+01:00,2025-03-02T22:35:00+01:00,0,0,0,0,0,0,0,0,0,0,0,0,0,0,0,0,0,0,0,0,0,0,0
2025-03-02T22:35:00+01:00,2025-03-02T22:40:00+01:00,0,0,0,3,0,0,0,0,0,0,0,0,0,0,0,0,0,0,0,0,0,0,0
2025-03-02T22:40:00+01:00,2025-03-02T22:45:00+01:00,0,0,0,0,0,0,0,0,0,0,0,0,0,0,0,0,0,0,0,0,0,0,0
2025-03-02T22:45:00+01:00,2025-03-02T22:50:00+01:00,0,0,0,0,0,0,0,0,0,0,0,0,0,0,0,0,0,0,0,0,0,0,0
2025-03-02T22:50:00+01:00,2025-03-02T22:55:00+01:00,0,0,0,1,0,0,0,0,0,0,0,0,0,0,0,0,0,0,0,0,0,0,0
2025-03-02T22:55:00+01:00,2025-03-02T23:00:00+01:00,0,0,0,0,0,0,0,0,0,0,0,0,0,0,0,0,0,0,0,0,0,0,0
2025-03-02T23:00:00+01:00,2025-03-02T23:05:00+01:00,0,0,0,1,0,0,0,0,0,0,0,0,0,0,0,0,0,0,0,0,0,0,0
2025-03-02T23:05:00+01:00,2025-03-02T23:10:00+01:00,0,0,0,2,0,0,0,0,0,0,0,0,0,0,0,0,0,0,0,0,0,0,0
2025-03-02T23:10:00+01:00,2025-03-02T23:15:00+01:00,0,0,0,1,0,0,0,0,0,0,0,0,0,0,0,0,0,0,0,0,0,0,0
2025-03-02T23:15:00+01:00,2025-03-02T23:20:00+01:00,0,0,0,2,0,0,0,0,0,0,0,0,1,0,0,0,0,0,0,0,0,0,0
2025-03-02T23:20:00+01:00,2025-03-02T23:25:00+01:00,0,0,0,0,0,0,0,0,0,0,0,0,0,0,0,0,0,0,0,0,0,0,0
2025-03-02T23:25:00+01:00,2025-03-02T23:30:00+01:00,0,0,0,0,0,0,0,0,0,0,0,0,0,0,0,0,0,0,0,0,0,0,0
2025-03-02T23:30:00+01:00,2025-03-02T23:35:00+01:00,0,0,0,0,0,0,0,0,0,0,0,0,0,0,0,0,0,0,0,0,0,0,0
2025-03-02T23:35:00+01:00,2025-03-02T23:40:00+01:00,0,0,0,1,0,0,0,0,0,0,0,0,0,0,0,0,0,0,0,0,0,0,0
2025-03-02T23:40:00+01:00,2025-03-02T23:45:00+01:00,0,0,0,0,0,0,0,0,0,0,0,0,0,0,0,0,0,0,0,0,0,0,0
2025-03-02T23:45:00+01:00,2025-03-02T23:50:00+01:00,0,0,0,1,0,0,0,0,0,0,0,0,0,0,0,0,0,0,0,0,0,0,0
2025-03-02T23:50:00+01:00,2025-03-02T23:55:00+01:00,0,0,0,0,0,0,0,0,0,0,0,0,0,0,0,0,0,0,0,0,0,0,0
2025-03-02T23:55:00+01:00,2025-03-03T00:00:00+01:00,0,0,0,0,0,0,0,0,0,0,0,0,0,0,0,0,0,0,0,0,0,0,0
2025-03-03T00:00:00+01:00,2025-03-03T00:05:00+01:00,0,0,0,1,0,0,0,0,0,0,0,0,0,0,0,0,0,0,0,0,0,0,0
2025-03-03T00:05:00+01:00,2025-03-03T00:10:00+01:00,0,0,0,2,0,0,0,0,0,0,0,0,0,0,0,0,0,0,0,0,0,0,0
2025-03-03T00:10:00+01:00,2025-03-03T00:15:00+01:00,0,0,0,0,0,0,0,0,0,0,0,0,0,0,0,0,0,0,0,0,0,0,0
2025-03-03T00:15:00+01:00,2025-03-03T00:20:00+01:00,0,0,0,0,0,0,0,0,0,0,0,0,0,0,0,0,0,0,0,0,0,0,0
2025-03-03T00:20:00+01:00,2025-03-03T00:25:00+01:00,0,0,0,0,0,0,0,0,0,0,0,0,0,0,0,0,0,0,0,0,0,0,0
2025-03-03T00:25:00+01:00,2025-03-03T00:30:00+01:00,0,0,0,1,0,0,0,0,0,0,0,0,0,0,0,0,0,0,0,0,0,0,0
2025-03-03T00:30:00+01:00,2025-03-03T00:35:00+01:00,0,0,0,0,0,0,0,0,0,0,0,0,0,0,0,0,0,0,0,0,0,0,0
2025-03-03T00:35:00+01:00,2025-03-03T00:40:00+01:00,0,0,0,2,0,0,0,0,0,0,0,0,0,0,0,0,0,0,0,0,0,0,0
2025-03-03T00:40:00+01:00,2025-03-03T00:45:00+01:00,0,0,0,0,0,0,0,0,0,0,0,0,0,0,0,0,0,0,0,0,0,0,0
2025-03-03T00:45:00+01:00,2025-03-03T00:50:00+01:00,0,0,0,0,0,0,0,0,0,0,0,0,0,0,0,0,0,0,0,0,0,0,0
2025-03-03T00:50:00+01:00,2025-03-03T00:55:00+01:00,0,0,0,0,0,0,0,0,0,0,0,0,0,0,0,0,0,0,0,0,0,0,0
2025-03-03T00:55:00+01:00,2025-03-03T01:00:00+01:00,0,0,0,0,0,0,0,0,0,0,0,0,0,0,0,0,0,0,0,0,0,0,0
2025-03-03T01:00:00+01:00,2025-03-03T01:05:00+01:00,0,0,0,0,0,0,0,0,0,0,0,0,0,0,0,0,0,0,0,0,0,0,0
2025-03-03T01:05:00+01:00,2025-03-03T01:10:00+01:00,0,0,0,0,0,0,0,0,0,0,0,0,0,0,0,0,0,0,0,0,0,0,0
2025-03-03T01:10:00+01:00,2025-03-03T01:15:00+01:00,0,0,0,0,0,0,0,0,0,0,0,0,0,0,0,0,0,0,0,0,0,0,0
2025-03-03T01:15:00+01:00,2025-03-03T01:20:00+01:00,0,0,0,0,0,0,0,0,0,0,0,0,0,0,0,0,0,0,0,0,0,0,0
2025-03-03T01:20:00+01:00,2025-03-03T01:25:00+01:00,0,0,0,0,0,0,0,0,0,0,0,0,0,0,0,0,0,0,0,0,0,0,0
2025-03-03T01:25:00+01:00,2025-03-03T01:30:00+01:00,0,0,0,1,0,0,0,0,0,0,0,0,0,0,0,0,0,0,0,0,0,0,0
2025-03-03T01:30:00+01:00,2025-03-03T01:35:00+01:00,0,0,0,1,0,0,0,0,0,0,0,0,0,0,0,0,0,0,0,0,0,0,0
2025-03-03T01:35:00+01:00,2025-03-03T01:40:00+01:00,0,0,0,0,0,0,0,0,0,0,0,0,0,0,0,0,0,0,0,0,0,0,0
2025-03-03T01:40:00+01:00,2025-03-03T01:45:00+01:00,0,0,0,0,0,0,0,0,0,0,0,0,0,0,0,0,0,0,0,0,0,0,0
2025-03-03T01:45:00+01:00,2025-03-03T01:50:00+01:00,0,0,0,0,0,0,0,0,0,0,0,0,0,0,0,0,0,0,0,0,0,0,0
2025-03-03T01:50:00+01:00,2025-03-03T01:55:00+01:00,0,0,0,0,0,0,0,0,0,0,0,0,0,0,0,0,0,0,0,0,0,0,0
2025-03-03T01:55:00+01:00,2025-03-03T02:00:00+01:00,0,0,0,0,0,0,0,0,0,0,0,0,0,0,0,0,0,0,0,0,0,0,0
2025-03-03T02:00:00+01:00,2025-03-03T02:05:00+01:00,0,0,0,0,0,0,0,0,0,0,0,0,0,0,0,0,0,0,0,0,0,0,0
2025-03-03T02:05:00+01:00,2025-03-03T02:10:00+01:00,0,0,0,0,0,0,0,0,0,0,0,0,0,0,0,0,0,0,0,0,0,0,0
2025-03-03T02:10:00+01:00,2025-03-03T02:15:00+01:00,0,0,0,1,0,0,0,0,1,0,0,0,0,0,0,0,0,0,0,0,0,0,0
2025-03-03T02:15:00+01:00,2025-03-03T02:20:00+01:00,0,0,0,1,0,0,0,0,0,0,0,0,0,0,0,0,0,0,0,0,0,0,0
2025-03-03T02:20:00+01:00,2025-03-03T02:25:00+01:00,0,0,0,0,0,0,0,0,0,0,0,0,0,0,0,0,0,0,0,0,0,0,0
2025-03-03T02:25:00+01:00,2025-03-03T02:30:00+01:00,0,0,0,0,0,0,0,0,0,0,0,0,0,0,0,0,0,0,0,0,0,0,0
2025-03-03T02:30:00+01:00,2025-03-03T02:35:00+01:00,0,0,0,0,0,0,0,0,0,0,0,0,0,0,0,0,0,0,0,0,0,0,0
2025-03-03T02:35:00+01:00,2025-03-03T02:40:00+01:00,0,0,0,0,0,0,0,0,0,0,0,0,0,0,0,0,0,0,0,0,0,0,0
2025-03-03T02:40:00+01:00,2025-03-03T02:45:00+01:00,0,0,0,1,0,0,0,0,0,0,0,0,0,0,0,0,0,0,0,0,0,0,0
2025-03-03T02:45:00+01:00,2025-03-03T02:50:00+01:00,0,0,0,1,0,0,0,0,0,0,0,0,0,0,0,0,0,0,0,0,0,0,0
2025-03-03T02:50:00+01:00,2025-03-03T02:55:00+01:00,0,0,0,0,0,0,0,0,0,0,0,0,0,0,0,0,0,0,0,0,0,0,0
2025-03-03T02:55:00+01:00,2025-03-03T03:00:00+01:00,0,0,0,0,0,0,0,0,0,1,0,0,0,0,0,0,0,0,0,0,0,0,0
2025-03-03T03:00:00+01:00,2025-03-03T03:05:00+01:00,0,0,0,0,0,0,0,0,0,0,0,0,0,0,0,0,0,0,0,0,0,0,0
2025-03-03T03:05:00+01:00,2025-03-03T03:10:00+01:00,0,0,0,1,0,0,0,0,0,0,0,0,0,0,0,0,0,0,0,0,0,0,0
2025-03-03T03:10:00+01:00,2025-03-03T03:15:00+01:00,0,0,0,3,0,0,0,0,0,0,0,0,0,0,0,0,0,0,0,0,0,0,0
2025-03-03T03:15:00+01:00,2025-03-03T03:20:00+01:00,0,0,0,0,0,0,0,0,0,0,0,0,0,0,0,0,0,0,0,0,0,0,0
2025-03-03T03:20:00+01:00,2025-03-03T03:25:00+01:00,0,0,0,1,0,0,0,0,1,0,0,0,0,0,0,0,0,0,0,0,0,0,0
2025-03-03T03:25:00+01:00,2025-03-03T03:30:00+01:00,0,0,0,0,0,0,0,0,0,0,0,0,0,0,0,0,0,0,0,0,0,1,0
2025-03-03T03:30:00+01:00,2025-03-03T03:35:00+01:00,0,0,0,2,0,0,0,0,0,0,0,0,0,0,0,0,0,0,0,0,0,0,0
2025-03-03T03:35:00+01:00,2025-03-03T03:40:00+01:00,0,0,0,0,0,0,0,0,0,0,0,0,0,0,0,0,0,0,0,0,0,0,0
2025-03-03T03:40:00+01:00,2025-03-03T03:45:00+01:00,0,0,0,2,0,0,0,0,0,0,0,0,0,0,0,0,0,0,0,0,0,0,0
2025-03-03T03:45:00+01:00,2025-03-03T03:50:00+01:00,0,0,0,0,0,0,0,0,0,0,0,0,0,0,0,0,0,0,0,0,0,0,0
2025-03-03T03:50:00+01:00,2025-03-03T03:55:00+01:00,0,0,0,1,0,0,0,0,0,0,0,0,0,0,0,0,0,0,0,0,0,0,0
2025-03-03T03:55:00+01:00,2025-03-03T04:00:00+01:00,0,0,0,1,0,0,0,0,0,0,0,0,0,0,0,0,0,0,0,0,0,0,0
2025-03-03T04:00:00+01:00,2025-03-03T04:05:00+01:00,0,0,0,1,0,0,0,0,0,0,0,0,0,0,0,0,0,0,0,0,0,0,0
2025-03-03T04:05:00+01:00,2025-03-03T04:10:00+01:00,0,0,0,3,0,0,0,0,0,0,0,0,0,0,0,0,0,0,0,0,0,0,0
2025-03-03T04:10:00+01:00,2025-03-03T04:15:00+01:00,0,0,1,3,0,0,0,0,0,1,0,0,0,0,0,0,0,0,0,0,0,0,0
2025-03-03T04:15:00+01:00,2025-03-03T04:20:00+01:00,0,0,1,2,0,0,0,0,0,0,0,0,0,0,0,0,0,0,0,0,0,0,0
2025-03-03T04:20:00+01:00,2025-03-03T04:25:00+01:00,0,0,2,4,0,0,0,0,0,0,0,0,0,0,0,0,0,0,0,0,0,1,0
2025-03-03T04:25:00+01:00,2025-03-03T04:30:00+01:00,0,0,0,1,0,0,0,0,0,0,0,0,0,0,0,0,0,0,0,0,0,0,0
2025-03-03T04:30:00+01:00,2025-03-03T04:35:00+01:00,0,0,0,3,0,0,0,0,0,1,0,0,0,0,0,0,0,0,0,0,0,0,0
2025-03-03T04:35:00+01:00,2025-03-03T04:40:00+01:00,0,0,0,1,0,0,0,0,0,0,0,0,0,0,0,0,0,0,0,0,0,0,0
2025-03-03T04:40:00+01:00,2025-03-03T04:45:00+01:00,0,0,0,6,0,0,0,0,0,0,0,0,0,0,0,0,0,0,0,0,0,0,0
2025-03-03T04:45:00+01:00,2025-03-03T04:50:00+01:00,0,0,0,6,0,0,0,0,0,0,0,0,0,0,0,0,0,0,0,0,0,1,0
2025-03-03T04:50:00+01:00,2025-03-03T04:55:00+01:00,0,0,0,5,0,0,0,0,0,0,0,0,0,0,0,0,0,0,0,0,0,1,0
2025-03-03T04:55:00+01:00,2025-03-03T05:00:00+01:00,0,0,0,6,0,0,0,0,0,0,0,0,0,0,0,0,0,0,0,0,0,0,0
2025-03-03T05:00:00+01:00,2025-03-03T05:05:00+01:00,0,1,1,0,0,0,0,0,0,0,0,0,0,0,0,0,0,0,0,0,0,0,0
2025-03-03T05:05:00+01:00,2025-03-03T05:10:00+01:00,0,0,0,4,0,0,0,0,0,0,0,0,0,0,0,0,0,0,0,0,0,0,0
2025-03-03T05:10:00+01:00,2025-03-03T05:15:00+01:00,0,0,0,1,0,0,0,0,0,0,0,0,0,0,0,0,0,0,0,0,0,1,0
2025-03-03T05:15:00+01:00,2025-03-03T05:20:00+01:00,0,0,0,5,0,0,0,0,0,0,0,0,0,0,0,0,0,0,0,0,0,0,0
2025-03-03T05:20:00+01:00,2025-03-03T05:25:00+01:00,0,0,1,0,0,0,0,0,0,0,0,0,0,0,0,0,0,0,0,0,0,0,0
2025-03-03T05:25:00+01:00,2025-03-03T05:30:00+01:00,0,0,1,3,0,0,0,0,0,0,0,0,1,0,0,0,0,0,1,0,0,0,0
2025-03-03T05:30:00+01:00,2025-03-03T05:35:00+01:00,0,0,1,2,0,0,0,0,0,0,0,0,0,0,0,0,0,0,0,0,0,0,0
2025-03-03T05:35:00+01:00,2025-03-03T05:40:00+01:00,0,0,0,8,0,0,0,0,1,0,0,0,0,0,0,0,0,0,0,0,0,0,0
2025-03-03T05:40:00+01:00,2025-03-03T05:45:00+01:00,0,0,1,6,0,0,0,0,0,0,0,0,0,0,0,0,0,0,0,0,0,0,0
2025-03-03T05:45:00+01:00,2025-03-03T05:50:00+01:00,0,0,0,3,1,0,0,0,0,0,0,0,0,0,0,0,0,0,0,0,0,1,0
2025-03-03T05:50:00+01:00,2025-03-03T05:55:00+01:00,0,0,1,6,0,0,0,0,1,0,0,0,0,0,0,0,0,0,0,0,0,0,0
2025-03-03T05:55:00+01:00,2025-03-03T06:00:00+01:00,0,0,0,2,0,0,0,0,0,0,0,0,0,0,0,0,0,0,0,0,0,0,0
2025-03-03T06:00:00+01:00,2025-03-03T06:05:00+01:00,0,0,0,4,0,0,0,0,1,0,0,0,0,0,0,0,0,0,0,0,0,0,0
2025-03-03T06:05:00+01:00,2025-03-03T06:10:00+01:00,0,0,1,1,0,0,0,0,1,0,0,0,0,0,0,0,0,0,0,0,0,0,0
2025-03-03T06:10:00+01:00,2025-03-03T06:15:00+01:00,0,0,0,3,0,0,0,0,0,0,0,0,0,0,0,0,0,0,0,0,0,1,0
2025-03-03T06:15:00+01:00,2025-03-03T06:20:00+01:00,0,0,1,2,0,0,0,0,0,0,0,0,0,0,0,0,0,0,0,0,0,1,0
2025-03-03T06:20:00+01:00,2025-03-03T06:25:00+01:00,0,0,0,2,0,0,0,0,0,0,0,0,0,0,0,0,0,0,0,0,0,0,0
2025-03-03T06:25:00+01:00,2025-03-03T06:30:00+01:00,0,1,0,7,0,0,0,0,1,0,0,0,0,0,0,0,0,0,0,0,0,1,0
2025-03-03T06:30:00+01:00,2025-03-03T06:35:00+01:00,0,0,0,4,0,0,0,0,0,0,0,0,1,0,0,0,0,0,0,0,0,3,0
2025-03-03T06:35:00+01:00,2025-03-03T06:40:00+01:00,0,0,0,3,0,0,0,0,0,0,0,0,0,0,0,0,0,0,0,0,0,0,0
2025-03-03T06:40:00+01:00,2025-03-03T06:45:00+01:00,0,0,0,7,0,0,0,0,0,0,0,0,2,0,0,0,0,0,0,0,0,0,0
2025-03-03T06:45:00+01:00,2025-03-03T06:50:00+01:00,0,1,2,5,0,0,0,0,0,0,0,0,1,0,0,0,0,0,0,0,0,1,0
2025-03-03T06:50:00+01:00,2025-03-03T06:55:00+01:00,0,1,0,1,0,0,0,0,0,0,0,0,2,0,0,0,0,0,0,0,0,0,0
2025-03-03T06:55:00+01:00,2025-03-03T07:00:00+01:00,0,0,0,4,0,0,0,0,1,0,0,0,1,0,0,0,0,0,0,0,0,0,0
2025-03-03T07:00:00+01:00,2025-03-03T07:05:00+01:00,0,0,0,4,0,0,0,0,2,1,0,0,1,0,0,0,0,0,0,0,0,0,0
2025-03-03T07:05:00+01:00,2025-03-03T07:10:00+01:00,0,0,1,4,0,0,0,0,1,0,0,0,0,0,0,0,0,0,0,0,0,1,0
2025-03-03T07:10:00+01:00,2025-03-03T07:15:00+01:00,0,0,0,9,0,0,0,0,0,1,0,0,4,0,0,0,0,0,0,0,0,2,0
2025-03-03T07:15:00+01:00,2025-03-03T07:20:00+01:00,0,0,1,3,0,0,0,0,0,0,0,0,2,0,0,0,0,0,0,0,0,0,0
2025-03-03T07:20:00+01:00,2025-03-03T07:25:00+01:00,0,1,2,3,0,0,0,0,2,1,0,0,1,0,0,0,0,0,0,0,0,0,0
2025-03-03T07:25:00+01:00,2025-03-03T07:30:00+01:00,0,0,0,4,0,0,0,0,0,0,0,0,5,0,0,0,0,0,0,0,0,0,0
2025-03-03T07:30:00+01:00,2025-03-03T07:35:00+01:00,0,0,0,2,0,0,0,0,0,0,0,0,1,0,0,0,0,0,0,0,0,0,0
2025-03-03T07:35:00+01:00,2025-03-03T07:40:00+01:00,0,0,1,3,0,0,0,0,0,0,0,0,3,0,0,0,0,0,0,0,0,1,0
2025-03-03T07:40:00+01:00,2025-03-03T07:45:00+01:00,0,0,0,4,0,0,0,0,0,0,0,0,1,0,0,0,0,0,0,0,0,0,0
2025-03-03T07:45:00+01:00,2025-03-03T07:50:00+01:00,0,0,0,6,0,0,0,0,2,1,0,0,0,0,0,0,0,0,0,0,0,0,0
2025-03-03T07:50:00+01:00,2025-03-03T07:55:00+01:00,0,0,1,2,0,0,0,0,1,0,0,0,0,0,0,0,0,0,0,0,0,0,0
2025-03-03T07:55:00+01:00,2025-03-03T08:00:00+01:00,0,0,0,4,0,0,0,0,0,0,0,0,0,0,0,0,0,0,0,0,0,0,0
2025-03-03T08:00:00+01:00,2025-03-03T08:05:00+01:00,0,0,1,6,0,0,0,0,0,0,0,0,1,0,0,0,0,0,0,0,0,1,0
2025-03-03T08:05:00+01:00,2025-03-03T08:10:00+01:00,0,0,0,3,0,0,0,0,1,0,0,0,0,0,0,0,0,0,0,0,0,0,0
2025-03-03T08:10:00+01:00,2025-03-03T08:15:00+01:00,0,0,1,8,0,0,0,0,0,1,0,0,0,0,0,0,0,0,0,0,0,0,0
2025-03-03T08:15:00+01:00,2025-03-03T08:20:00+01:00,0,0,0,4,0,0,0,0,2,2,0,0,3,0,0,0,0,0,1,0,0,1,0
2025-03-03T08:20:00+01:00,2025-03-03T08:25:00+01:00,0,0,1,6,0,0,0,0,0,1,0,0,1,0,0,0,0,0,0,0,0,2,0
2025-03-03T08:25:00+01:00,2025-03-03T08:30:00+01:00,0,0,0,2,0,0,0,0,0,0,0,0,1,0,0,0,0,0,0,0,0,0,0
2025-03-03T08:30:00+01:00,2025-03-03T08:35:00+01:00,0,0,1,6,0,0,0,0,0,1,0,0,1,0,0,0,0,0,0,0,0,0,0
2025-03-03T08:35:00+01:00,2025-03-03T08:40:00+01:00,0,0,0,6,0,0,0,0,2,1,0,0,0,0,0,0,0,0,0,0,0,1,0
2025-03-03T08:40:00+01:00,2025-03-03T08:45:00+01:00,0,1,2,3,0,0,0,0,0,1,0,0,0,0,0,0,0,0,0,0,0,0,0
2025-03-03T08:45:00+01:00,2025-03-03T08:50:00+01:00,0,1,0,7,0,0,0,0,1,1,0,0,0,0,0,0,0,0,0,0,0,1,0
